"State","Year","Population","Total_crime","Violent_crime","Murder","Forcible_rape","Robbery","Aggravated_assault","Property_crime","Burglary","Larceny_theft","Motor_vehicle_theft","Prison_population","GDP","Gun_number","Police_number"
"ALABAMA",2008,4661900,4535.7,452.8,7.6,34.7,157.6,253,4082.9,1081.3,2713,288.7,NA,185297.9,"299,432",16172
"ALABAMA",2009,4708708,4222.2,449.8,6.9,31.9,132.9,278.1,3772.4,1037.2,2499.9,235.3,31874,178021.4,"317,868",16917
"ALABAMA",2010,4779736,3894.6,377.8,5.7,28.2,99.6,244.2,3516.8,879.4,2415.6,221.8,31764,182262.7,"308,607",16205
"ALABAMA",2012,4822023,3952.1,449.9,7.1,26.9,104.1,311.8,3502.2,984.7,2312.8,204.8,32431,186299,"431,356",12745
"ALABAMA",2015,4858979,3451.3,472.4,7.2,72,94.9,328.3,2978.9,725.6,2040.7,212.7,30810,189339.1,"737,509",13079
"ALABAMA",2016,4863300,3480.1,532.3,8.4,67.9,96.4,388.2,2947.8,700.5,2006.3,241.1,28883,190703,"616,947",13534
"ALABAMA",2017,4874747,3481.5,524.2,8.3,41.6,86.5,387.8,2957.3,645.7,2048.1,263.4,27608,193023.9,"477,345",8065
"ALABAMA",2018,4887871,3336.8,519.6,7.8,40.8,83.4,387.6,2817.2,590.1,1958.9,268.3,26841,198435.9,"474,294",15855
"ALABAMA",2011,4802740,4026.2,420.1,6.3,28.5,102.2,283,3606.1,1064.3,2319.7,222,32270,185054.8,"336,102",16185
"ALABAMA",2013,4833722,3782.1,430.8,7.2,71.8,96.2,285.2,3351.3,877.8,2254.8,218.7,32381,188165.1,"563,880",14173
"ALABAMA",2014,4849377,3605,427.4,5.7,70.9,96.9,283.4,3177.6,819,2149.5,209.1,31771,186849,"621,305",11455
"ALASKA",2008,686293,3584.2,651.9,4.1,64.3,94,489.6,2932.3,472.1,2221.5,238.7,NA,50884,"61,729",1963
"ALASKA",2009,698473,3579,633,3.1,73.3,93.8,462.7,2946,515,2189.2,241.8,5285,55837.6,"60,780",1977
"ALASKA",2010,710231,3491.3,638.8,4.4,75,83.6,475.8,2852.5,437.2,2187.3,228,5391,54151.4,"65,909",1944
"ALASKA",2011,722718,3239.3,606.5,4,58.1,79.7,464.6,2632.8,391,2056,185.8,5412,54645.7,"70,198",1990
"ALASKA",2012,731449,3342.6,603.2,4.1,79.7,86.1,433.2,2739.4,403.3,2128,208.1,5633,57670.1,"85,342",1968
"ALASKA",2018,737438,4185.5,885,6.4,161.6,121.5,595.4,3300.5,539.6,2219,541.9,4380,53092.4,"78,761",1985
"ALASKA",2015,738432,3547.8,730.2,8,210,103.1,497.1,2817.6,475.5,2065.1,277.1,5338,53798.7,"85,621",9
"ALASKA",2017,739795,4371.1,829,8.4,116.7,128.5,575.4,3542.1,563.8,2402.7,575.6,4399,52727.4,"80,839",1933
"ALASKA",2016,741894,4157.2,804.2,7,243.9,114.6,540.6,3353,546.3,2394.7,412.1,4434,52710.7,"87,647",2400
"ALASKA",2013,735132,3525.6,640.4,4.6,213,84.9,425.5,2885.2,396.7,2258,230.6,5081,54750,"93,405",1937
"ALASKA",2014,736732,3395.8,635.8,5.6,180,85.4,440.2,2760,427.6,2096.4,236,5794,53273,"87,623",1938
"ARIZONA",2010,6392017,3942.1,408.1,6.4,33.9,108.5,259.3,3534,794.3,2403.2,336.5,40209,257484.7,"206,050",22130
"ARIZONA",2011,6482505,3960.4,405.9,6.2,34.9,109.9,254.8,3554.5,847.3,2401.3,305.9,40020,263211.1,"251,477",20759
"ARIZONA",2008,6500180,4738,447,6.3,25.7,149.2,265.9,4291,868.9,2849.5,572.6,NA,277477.1,"208,721",22912
"ARIZONA",2012,6553255,3968.1,428.9,5.5,34.7,112.7,276,3539.2,807.8,2439.1,292.3,40080,268288.8,"339,663",22999
"ARIZONA",2009,6595778,3964.8,408.3,5.4,32,122.8,248.1,3556.5,809.8,2352.8,394,40544,255080.7,"215,379",22910
"ARIZONA",2015,6828065,3443.4,410.2,4.5,79.1,93.1,267.1,3033.2,555.9,2231.5,245.8,42719,280229.5,"331,442",22653
"ARIZONA",2016,6931071,3448.5,470.1,5.5,82.9,101.8,315.4,2978.4,544.4,2168.1,265.8,42320,289230.4,"416,279",24264
"ARIZONA",2017,7016270,3422.9,508,5.9,51,106,345,2914.9,536.3,2107,271.6,42030,299405.7,"384,930",22750
"ARIZONA",2018,7171646,3151.7,474.9,5.1,50.7,91,328.1,2676.8,439.7,1970.3,266.9,42005,311705.6,"377,838",22428
"ARIZONA",2014,6731484,3597.4,399.9,4.7,86.8,92.8,252.1,3197.5,647.1,2289.1,261.3,42259,273677.1,"310,672",22817
"ARIZONA",2013,6626624,3815.6,416.5,5.4,81.4,101.1,263.9,3399.1,732.4,2403.5,263.2,41104,270148.9,"363,036",21192
"ARKANSAS",2008,2855390,4338.5,503.4,5.7,48.9,95.8,353.1,3835.1,1180,2427.1,228,NA,105791,"191,799",9678
"ARKANSAS",2009,2889450,4291.4,517.7,6.2,47.3,89.4,374.8,3773.7,1203.1,2359.3,211.2,15208,102528.1,"209,842",9970
"ARKANSAS",2010,2915918,4064.2,505.3,4.7,45,81.3,374.3,3558.9,1114.9,2253.8,190.1,16204,105922.5,"191,448",9964
"ARKANSAS",2011,2937979,4235,480.9,5.5,41.3,82.6,351.5,3754.1,1173.3,2383,197.8,16108,108295.4,"206,228",9074
"ARKANSAS",2012,2949131,4129.2,469.1,5.9,42.3,78.7,342.3,3660.1,1081.3,2384.7,194.1,14654,108745.2,"246,193",9148
"ARKANSAS",2015,2978204,3772.8,521.3,6.1,108.5,70.4,380,3251.5,760.2,2297.5,193.8,17707,113860.9,"257,346",9352
"ARKANSAS",2016,2988248,3819.5,550.9,7.2,123.4,70.9,401,3268.6,795.5,2233.6,239.4,17537,114541.2,"266,014",10224
"ARKANSAS",2017,3004279,3633.5,554.9,8.6,68.3,64.4,413.6,3078.6,727.7,2109.5,241.4,18070,115346.7,"237,629",9531
"ARKANSAS",2018,3013825,3456.6,543.6,7.2,72.9,52.9,410.7,2913,636.8,2040.2,236,17799,117293.8,"248,439",10628
"ARKANSAS",2013,2959373,4062.9,460.3,5.4,81.7,76.3,330.5,3602.6,1030.1,2380.6,191.9,17235,111778.9,"279,736",9250
"ARKANSAS",2014,2966369,3818.1,480.1,5.6,99.2,69.1,346,3338,835.7,2313.5,188.8,17874,112932.1,"234,282",9380
"CALIFORNIA",2008,36756666,3444.1,503.8,5.8,24.2,188.8,285,2940.3,647.1,1769.4,523.8,NA,2111138,"780,398",123506
"CALIFORNIA",2009,36961664,3203.5,472,5.3,23.6,173.4,269.7,2731.5,622.6,1665.1,443.8,171275,2026486.9,"788,164",121879
"CALIFORNIA",2010,37253956,3076.4,440.6,4.9,22.4,156,257.4,2635.8,614.3,1612.1,409.4,165062,2058137.9,"816,399",118884
"CALIFORNIA",2011,37691912,2994.9,411.1,4.8,20.3,144,242,2583.8,610.4,1583.8,389.6,149569,2091586,"905,701",116797
"CALIFORNIA",2012,38041430,3181.8,423.1,5,20.6,148.6,248.9,2758.7,646.1,1669.5,443.2,134534,2144497.3,"1,132,603",117268
"CALIFORNIA",2013,38332521,3060.2,402.1,4.6,44.8,139.9,232.3,2658.1,605.4,1621.5,431.2,135981,2220867.6,"1,368,295",117322
"CALIFORNIA",2015,39144818,3044.6,426.3,4.8,56.7,135,253.8,2618.3,504.3,1677.1,436.8,129593,2428598.4,"1,761,079",118407
"CALIFORNIA",2016,39250017,2998.3,445.3,4.9,60.8,139.6,265.9,2553,479.8,1623,450.3,130084,2500950.4,"2,377,167",104436
"CALIFORNIA",2017,39536653,2946,449.3,4.6,37.2,143.2,264.2,2496.7,446.9,1623.9,425.9,131039,2610682.3,"1,570,110",119684
"CALIFORNIA",2018,39557045,2827.8,447.4,4.4,39.2,137.3,266.5,2380.4,416.2,1571.8,392.4,128625,2721651,"1,297,132",120041
"CALIFORNIA",2014,38802500,2837.2,396.1,4.4,51.3,125.5,236.6,2441.1,522.3,1527.4,391.3,136085,2312540.1,"1,474,616",118491
"COLORADO",2008,4939456,3192.1,343.1,3.2,42.5,68.1,229.3,2849,572,2003.3,273.7,NA,267713.2,"285,521",16859
"COLORADO",2009,5024748,3004,337.8,3.5,44.6,67.4,222.3,2666.2,530.4,1887.9,247.9,22795,262379.8,"313,641",17435
"COLORADO",2010,5029196,3005,320.8,2.4,43.7,62.3,212.4,2684.2,520,1940.5,223.6,22815,264791.1,"300,820",17071
"COLORADO",2011,5116796,2926.5,320.2,2.9,44.5,64.6,208.1,2606.3,503.6,1886.8,215.9,21978,268680.8,"336,296",16700
"COLORADO",2012,5187582,2993.6,308.9,3.1,40.7,65.4,199.6,2684.7,504.2,1947.4,233.1,20462,273519.5,"414,838",17270
"COLORADO",2015,5456574,2962.5,321,3.2,103.3,60.9,197.2,2641.5,429.8,1918.5,293.2,20168,309179.6,"454,062",17940
"COLORADO",2016,5540545,3083.3,342.6,3.7,111.5,63.7,211.1,2740.7,431.4,1955.3,354,19981,316751.8,"540,514",19022
"COLORADO",2017,5607154,3069.7,368.1,3.9,68.8,68.4,226.9,2701.6,406.9,1904.9,389.9,19946,329573.7,"496,995",16900
"COLORADO",2018,5695564,3068.8,397.2,3.7,71.5,66.7,255.4,2671.6,375.2,1915.9,380.5,20372,341076.7,"524,770",18510
"COLORADO",2013,5268367,2966.5,308,3.4,94.6,59.8,189.1,2658.5,476.1,1944.5,237.9,20371,282533.9,"514,658",17441
"COLORADO",2014,5355866,2839.2,309.1,2.8,96.3,56.7,192.8,2530.1,438.2,1857.1,234.8,20646,295698.6,"413,284",15009
"CONNECTICUT",2008,3501252,2756.5,297.8,3.5,19.3,111.6,163.5,2458.7,428.7,1774,256,NA,259721.9,"155,885",10657
"CONNECTICUT",2009,3518288,2634.5,298.7,3,18.5,113.4,163.7,2335.8,428.4,1694.9,212.5,19716,248040.6,"202,454",10556
"CONNECTICUT",2018,3572665,1888.4,207.4,2.3,23.5,61.4,120.2,1681,222.5,1251.8,206.7,13681,244925.7,"177,690",9283
"CONNECTICUT",2010,3574097,2474.6,281.4,3.6,16.3,99.4,162,2193.2,424.5,1581,187.7,19321,247460.8,"179,595",10476
"CONNECTICUT",2016,3576452,2035.1,227.1,2.2,37,75.6,128,1808,280.9,1328.5,198.7,14957,242793.9,"317,692",15190
"CONNECTICUT",2011,3580709,2440.2,272.8,3.6,19.2,102.7,147.3,2167.4,437.9,1542.1,187.4,18324,242019.5,"186,068",10254
"CONNECTICUT",2017,3588184,1997.9,228,2.8,23.3,78.4,123.4,1769.9,247.8,1318.5,203.7,14040,243682.5,"181,779",9380
"CONNECTICUT",2012,3590347,2423,283,4.1,25.6,102.7,150.6,2140,409.7,1550.7,179.6,17530,243801,"237,496",10271
"CONNECTICUT",2015,3590886,2030.5,218.5,3.3,37.7,80.5,113.1,1812,280,1355.5,176.5,15816,242910.7,"307,750",9696
"CONNECTICUT",2014,3596677,2157.3,236.9,2.4,37.6,87.8,125,1920.4,332.4,1418.1,169.9,16636,237784.3,"270,297",10461
"CONNECTICUT",2013,3596080,2236.6,262.5,2.4,45.2,98.2,135.4,1974.1,358.5,1442.6,173,17563,241081.2,"294,338",10349
"DELAWARE",2008,873092,4288.7,703.4,6.5,41.9,210.5,444.4,3585.3,774.3,2520,291,NA,58656.4,"18,102",3159
"DELAWARE",2009,885122,3986.2,636.6,4.6,38.2,188.8,405,3349.6,783.2,2351,215.5,6775,60404.2,"20,530",3127
"DELAWARE",2010,897934,4069.1,620.9,5.3,34.7,203.7,377.1,3448.2,836.9,2396.5,214.8,6615,60016.1,"19,240",3170
"DELAWARE",2011,907135,3970.1,559.5,4.5,31.9,169.5,353.5,3410.6,830.2,2411.8,168.7,6739,62017.4,"22,490",3139
"DELAWARE",2012,917092,3888.3,547.4,6.2,26.5,162.7,352,3340.9,803.7,2380.6,156.6,6914,61975.8,"30,724",3151
"DELAWARE",2015,945934,3190,499,6.7,61.7,130.6,325.7,2691,504.6,2061.6,124.9,6654,65876.1,"50,416",3303
"DELAWARE",2016,952065,3274.8,508.8,5.9,55.6,142.7,327.8,2766,527.6,2078.7,159.7,6585,63108.7,"59,430",1990
"DELAWARE",2017,961939,2894,453.4,5.6,34.7,112.5,300.5,2440.6,412.7,1885.6,142.3,6443,62740.1,"50,639",3443
"DELAWARE",2018,967171,2748,423.6,5,34.9,89.5,294.2,2324.4,326.5,1845.3,152.6,6067,62764.7,"47,723",3305
"DELAWARE",2013,925749,3556.9,491.4,4.2,69.7,132.4,313.7,3065.5,662.3,2259.4,143.9,7004,59157.1,"40,062",3168
"DELAWARE",2014,935614,3471.1,489.1,5.8,67.9,135.6,306.4,2982,616.5,2230.1,135.4,6955,63499.5,"42,950",3243
"DISTRICT OF COLUMBIA",2008,591833,6542.3,1437.7,31.4,31.4,748.5,626.4,5104.6,640,3372.2,1092.4,NA,106746.8,"259",NA
"DISTRICT OF COLUMBIA",2009,599657,6091.3,1345.9,24,25,731.9,565,4745.4,616.4,3206.5,922.5,NA,106351.3,"369",NA
"DISTRICT OF COLUMBIA",2010,601723,6109.1,1330.2,21.9,31.1,718.8,558.4,4778.9,703.1,3238.9,836.9,NA,109964.1,"349",4477
"DISTRICT OF COLUMBIA",2012,632323,6104.5,1243.7,13.9,37.3,638.3,554.1,4860.8,556.5,3725.3,579,NA,112736.5,"449",4976
"DISTRICT OF COLUMBIA",2011,617996,5997.6,1202.1,17.5,28,662.3,494.3,4795.5,623,3451.5,721,NA,112008.3,"300",4919
"DISTRICT OF COLUMBIA",2017,693972,5288.8,1004.9,16.7,64,378,546.3,4283.9,260.7,3650.4,372.8,NA,121011.2,"1,540",4925
"DISTRICT OF COLUMBIA",2018,702455,5369.7,995.9,22.8,64.1,343.8,565.3,4373.8,254.5,3750.1,369.1,NA,123981.6,"3,244",5145
"DISTRICT OF COLUMBIA",2015,672228,5945.3,1269.1,24.1,127.9,556.7,614.8,4676.2,442,3748.7,485.5,NA,117238.4,"742",5010
"DISTRICT OF COLUMBIA",2016,681170,6008.8,1205.9,20.4,137,510.9,596.5,4802.9,346.6,4019.8,436.5,NA,119567.3,"875",8704
"DISTRICT OF COLUMBIA",2014,658893,6426.9,1244.4,15.9,125,530.7,626.1,5182.5,526,4082.3,574.1,NA,114910.5,"512",5050
"DISTRICT OF COLUMBIA",2013,646449,6108.6,1300.3,15.9,103.8,630.8,592.5,4808.3,513,3795,500.3,NA,112677.9,"497",5065
"FLORIDA",2008,18328340,4829.7,688.9,6.4,32.6,197.9,452,4140.8,1028.3,2766,346.5,NA,803217.9,"503,672",73872
"FLORIDA",2009,18537969,4453.3,612.5,5.5,29.7,166.7,410.6,3840.8,981.1,2588.6,271.1,103915,758264.1,"556,540",72235
"FLORIDA",2010,18801310,4100.8,542.4,5.2,28.6,138.7,369.8,3558.4,899.5,2438.4,220.5,104306,766199.2,"559,347",72390
"FLORIDA",2011,19057542,4037.3,515.3,5.2,27.7,134.4,348,3522,892.9,2421.1,207.9,103055,763745.9,"643,229",71906
"FLORIDA",2012,19317568,3763.8,487.1,5.2,27.2,123.7,330.9,3276.7,794.9,2288.6,193.2,101930,769309.1,"834,319",65683
"FLORIDA",2015,20271272,3275.1,461.9,5.1,64.1,104.3,315.2,2813.2,539,2073.6,200.6,101424,839124.3,"1,147,082",58280
"FLORIDA",2016,20612439,3117.1,430.3,5.4,63.7,97.9,290.2,2686.8,486.7,1990.8,209.3,99974,866731,"1,435,340",49902
"FLORIDA",2017,20984400,2920.4,408,5,37.8,88.6,276.5,2512.4,423.4,1884.5,204.5,98504,896117,"1,276,549",72088
"FLORIDA",2018,21299325,2666.7,384.9,5.2,39.6,79.3,260.8,2281.8,337.7,1750.8,193.3,97538,924873.3,"1,203,145",68605
"FLORIDA",2013,19552860,3575.7,470.4,5,58.7,118.7,312.3,3105.3,710.5,2216.3,178.6,103028,784090.1,"1,073,859",67816
"FLORIDA",2014,19893297,3956,540.5,5.8,73.4,125.2,366.4,3415.5,719.9,2481.5,214,102870,805278,"1,034,546",60714
"GEORGIA",2008,9685744,4494.4,478.9,6.6,22.7,179.2,270.5,4015.5,1038.9,2567.5,409.1,NA,443416,"367,374",33209
"GEORGIA",2010,9687653,4043.8,403.3,5.8,21.6,127.7,248.2,3640.5,998.4,2329.3,312.8,56432,433027.3,"333,247",32780
"GEORGIA",2011,9815210,3999.7,373.2,5.6,20.9,123.8,222.9,3626.5,974.6,2351.7,300.3,55944,439890.5,"367,894",34432
"GEORGIA",2009,9829211,4092.7,426.1,5.8,23.4,148.6,248.3,3666.6,1000.7,2328.7,337.2,56986,426263.8,"373,237",34809
"GEORGIA",2012,9919945,3789.5,378.9,5.9,21.4,125.6,226,3410.6,874.9,2248,287.7,55457,444132.2,"465,560",34769
"GEORGIA",2013,9992167,3712.3,365.7,5.6,45.7,125,209.3,3346.6,823.2,2254.9,268.5,54004,450771.8,"527,885",29070
"GEORGIA",2017,10429379,3217.4,357.2,6.7,26.1,96.3,228.1,2860.2,530.9,2077.4,251.8,53667,516593.9,"541,655",32001
"GEORGIA",2018,10519475,2900.3,326.6,6.1,25.2,78.7,216.6,2573.7,431.3,1907,235.4,53647,528998.9,"549,532",36833
"GEORGIA",2015,10214860,3400.6,378.3,6,54.1,119.9,220.8,3022.3,649.8,2113.3,259.2,52193,481575.7,"566,946",26435
"GEORGIA",2016,10310371,3402.1,397.6,6.6,58.5,118.4,238.5,3004.5,614.4,2130.1,259.9,53627,498266.8,"612,985",18748
"GEORGIA",2014,10097343,3658.5,377.3,5.7,51.6,123,218.4,3281.2,756.9,2258.4,266,52949,465646,"484,580",26853
"HAWAII",2008,1288198,3843.8,272.6,1.9,28.3,84.3,158.1,3571.2,728.1,2444.7,398.5,NA,71689.3,"8,569",3795
"HAWAII",2009,1295178,3936,274.8,1.7,30.3,79.8,163,3661.2,708.6,2580.5,372.1,5891,69094.8,"10,511",3802
"HAWAII",2010,1360301,3576.9,262.7,1.8,26.8,77.5,156.7,3314.2,636.8,2302.4,374.9,5912,71006.5,"10,533",3725
"HAWAII",2011,1374810,3625,287.2,1.2,31.6,75.8,178.6,3337.8,728,2305.6,304.3,6037,72080.2,"12,635",3733
"HAWAII",2012,1392313,3314.4,239.2,2.1,20.5,74.7,141.9,3075.2,573.1,2243.2,258.9,5831,73582.7,"17,428",3720
"HAWAII",2013,1404054,3305.3,251.6,1.5,48.5,80.6,142.2,3053.7,536.5,2254.8,262.4,5632,74277.5,"17,416",3658
"HAWAII",2018,1420491,3118.9,248.6,2.5,44,66.6,135.5,2870.3,396.4,2076.2,397.7,5375,82651.9,"14,088",3624
"HAWAII",2017,1427538,3080.1,250.6,2.7,39.7,75.4,132.7,2829.5,388.7,2071.7,369.1,5630,80715.8,"12,742",3729
"HAWAII",2016,1428557,3301.9,309.2,2.5,74.6,69.6,193.8,2992.7,421.2,2175.8,395.8,5602,78905.1,"16,681",5074
"HAWAII",2015,1431603,4089.6,293.4,1.3,67.1,84,168.9,3796.2,458,2934.5,403.7,5879,77185.4,"15,290",3765
"HAWAII",2014,1419561,3309.2,259.2,1.8,53.4,78,148.1,3050,547.9,2228.9,273.3,5866,74529.3,"15,225",3776
"IDAHO",2008,1523816,2329.8,228.6,1.5,36.2,15.8,175.1,2101.2,439.8,1552,109.5,NA,59703.9,"100,457",4461
"IDAHO",2009,1545801,2217.1,228.4,1.4,35.7,15.8,175.4,1988.7,424.2,1471.1,93.3,7400,57087.5,"99,243",4215
"IDAHO",2010,1567582,2216.8,221,1.3,33.5,13.7,172.6,1995.8,414.8,1496.7,84.3,7431,57906.7,"92,031",4341
"IDAHO",2011,1584985,2269.5,200.9,2.3,27.4,11.6,159.6,2068.6,436.6,1547.9,84.1,7739,57796.7,"106,616",4251
"IDAHO",2012,1595728,2191.4,207.9,1.8,30,15.2,160.9,1983.5,450.3,1447.7,85.5,7985,57764.4,"136,482",4265
"IDAHO",2015,1654930,1959.4,215.6,1.9,74.1,11.6,160.1,1743.8,370,1260.7,113.1,8052,63097.5,"136,946",4384
"IDAHO",2016,1683140,1974.5,230.3,2.9,74.1,12.7,172,1744.2,375.4,1245.4,123.4,8252,65535.3,"156,343",3810
"IDAHO",2017,1716943,1861.8,226.4,1.9,41.2,11.4,172,1635.4,329.4,1181.1,125,8579,67818.2,"182,099",4506
"IDAHO",2018,1754208,1688.5,227.1,2,45.1,11.4,168.6,1461.4,281.6,1067.8,112,8664,70500.4,"207,320",5567
"IDAHO",2013,1612136,2081.3,217,1.7,68.9,13.6,161,1864.3,411.9,1357.1,95.3,7549,59830.6,"147,494",4272
"IDAHO",2014,1634464,2067,212.2,2,65.9,12.5,160.5,1854.8,393.3,1359.9,101.6,8117,61394.5,"131,742",4265
"ILLINOIS",2018,12741080,2336.9,404.1,6.9,46,111.5,239.7,1932.8,306.7,1472.3,153.8,39965,769800.6,"2,831,447",36749
"ILLINOIS",2016,12801539,2485.3,436.3,8.2,66.7,139.3,250.5,2049,374.9,1518.6,155.5,43657,747168,"1,924,070",43958
"ILLINOIS",2017,12802023,2450.2,438.8,7.8,43.4,137.2,250.4,2011.4,339.5,1508.8,163.1,41471,753638,"1,601,087",35332
"ILLINOIS",2015,12859995,2372.4,383.8,5.8,65.1,115.9,224.6,1988.6,361.1,1490.2,137.3,46240,744517.8,"1,247,398",22642
"ILLINOIS",2011,12869257,3118.1,429.3,5.6,28.8,157.4,237.5,2688.8,604.1,1861.1,223.5,48427,707059.5,"828,962",46335
"ILLINOIS",2012,12875255,2993.5,414.8,5.8,27.7,151.2,230,2578.7,552.2,1826.9,199.5,49348,720702.3,"1,036,061",45505
"ILLINOIS",2010,12830632,3116.2,435.2,5.5,23.6,156.3,249.7,2681,587.6,1868.9,224.4,48418,694961.1,"695,300",49849
"ILLINOIS",2014,12880580,2445.9,370,5.3,56.2,118.8,213.7,2075.9,388.2,1552.2,135.5,48278,735035.6,"1,344,096",34425
"ILLINOIS",2013,12882135,2654.5,380.2,5.5,58.5,137.6,204,2274.3,452.1,1659.8,162.5,48653,724616.4,"1,280,613",14563
"INDIANA",2008,6376792,3669.6,333.8,5.1,27,118.1,183.5,3335.8,762.8,2299.2,273.7,NA,298263.8,"219,900",15877
"INDIANA",2009,6423113,3449.4,333.2,4.8,25.5,114.5,188.4,3116.2,761.5,2138.7,216.1,28808,277473.9,"273,803",16856
"INDIANA",2010,6483802,3356.9,314.5,4.5,27.2,95.9,186.9,3042.4,726.7,2113.4,202.3,28028,295133.2,"345,650",15577
"INDIANA",2011,6516922,3493.6,331.8,4.8,27,107.1,193,3161.8,775.7,2158.8,227.3,28906,296472,"359,840",15851
"INDIANA",2012,6537334,3374.9,345.7,4.7,25.5,100.9,214.6,3029.2,728.3,2092,209,28831,297552.7,"475,607",12032
"INDIANA",2017,6666818,2815.9,399,6,39.4,99,254.6,2416.9,452.1,1733.8,231,26024,322745.6,"830,357",9972
"INDIANA",2018,6691878,2561.6,382.3,6.5,35.4,88.7,251.6,2179.3,377.6,1572.7,229.1,26877,329298.8,"896,148",12513
"INDIANA",2013,6570902,3211.4,357.4,5.4,57.6,108.2,211.3,2854,653,1984.9,216.2,29913,303919.5,"597,124",9693
"INDIANA",2014,6596855,3014.7,365.3,5,57.6,104.5,222.6,2649.4,559.3,1880,210.1,29271,313740.5,"647,550",11926
"INDIANA",2015,6619680,2983.5,387.5,5.6,63.3,107.4,238.2,2596,519.8,1872,204.2,27355,311600.7,"1,076,917",10717
"INDIANA",2016,6633053,2994.1,404.7,6.6,65.6,110.5,249.9,2589.4,514,1853.3,222.1,25546,316635.9,"1,436,725",8154
"IOWA",2008,3002555,2704.7,283.8,2.5,29.6,41.6,210.1,2420.9,547.9,1728.8,144.3,NA,149131.9,"108,330",8031
"IOWA",2009,3007856,2587.9,279.2,1.1,28.4,39.7,210,2308.7,539.4,1640,129.3,8813,145618.3,"120,233",8057
"IOWA",2010,3046355,2516,273.5,1.3,27.4,33.2,211.6,2242.5,546.8,1571.8,124,9455,149535.6,"124,738",8085
"IOWA",2011,3062309,2585.9,255.6,1.5,27.2,26.9,199.9,2330.3,568.2,1633.6,128.5,9116,151247.9,"179,944",7573
"IOWA",2012,3074186,2535.7,263.9,1.5,28.3,31.3,202.8,2271.8,556.1,1584.8,130.9,8733,157250.8,"147,700",7375
"IOWA",2015,3123899,2333.4,286.1,2.3,64.2,33.5,213.2,2047.3,476.7,1431.6,139,8849,169375,"147,309",8025
"IOWA",2016,3134693,2376.6,290.6,2.3,69.2,36.6,212,2086,479.5,1447.6,159,9031,168876.4,"202,277",7160
"IOWA",2017,3145711,2418.7,293.4,3.3,39.2,39.8,211,2125.3,479.3,1468.6,177.4,9024,168434.5,"160,981",8160
"IOWA",2013,3090416,2465.3,271.4,1.4,59.5,30.4,204.6,2193.9,513.5,1543,137.4,8697,156636.6,"160,062",7747
"IOWA",2014,3107126,2367.3,273.5,1.9,62.9,33.6,201.6,2093.8,464.4,1495.8,133.6,8838,165088.1,"127,022",7782
"IOWA",2018,3156145,1941.6,250.1,1.7,30.9,29.5,187.9,1691.5,352.6,1190.4,148.5,9419,172072,"189,159",7530
"KANSAS",2008,2802134,3787.8,410.6,4,42.5,60.1,304,3377.2,699.9,2413.4,263.9,NA,138657.9,"126,084",10284
"KANSAS",2009,2818747,3607.9,400.1,4.2,38.9,63.4,293.6,3207.8,690.7,2305.9,211.2,8641,133276.7,"142,984",10227
"KANSAS",2010,2853118,3489,369.1,3.5,38.8,54.1,272.7,3119.9,680.1,2229.2,210.6,9051,134944.6,"144,156",10565
"KANSAS",2011,2871238,3434,353.9,3.8,37.8,50.8,261.5,3080.1,654.4,2193.2,232.5,9327,138562.6,"164,898",10058
"KANSAS",2012,2885905,3497.8,354.6,2.9,36.5,52,263.2,3143.2,650.3,2258,234.9,9682,140477.8,"210,972",9675
"KANSAS",2016,2907289,3075.9,380.4,3.8,78.5,57.5,274,2695.5,494.1,1962.9,238.6,9920,149927.9,"196,548",9620
"KANSAS",2018,2911505,3072.9,439,3.9,53.8,53,328.3,2633.9,430.6,1933.9,269.4,10218,154582.7,"172,047",8992
"KANSAS",2015,2911641,3110,389.9,4.4,98.5,62.4,267.6,2720.1,527.6,1953.5,238.9,9857,146173.1,"185,859",8831
"KANSAS",2017,2913123,3213.9,413,5.5,55.9,61.3,290.3,2800.9,478.2,2053.3,269.3,9971,151465.7,"191,451",9613
"KANSAS",2014,2904021,3083.8,348.6,3.1,85.6,46.9,250,2735.2,545,1952.4,237.8,9877,143425.4,"172,167",10249
"KANSAS",2013,2893957,3286.7,339.9,3.9,70.2,46.6,248.1,2946.8,600.4,2117,229.5,9763,140505.6,"228,105",9249
"KENTUCKY",2008,4269245,2880.1,296.2,4.6,33,93.8,164.8,2583.9,675.5,1728.8,179.6,NA,172150.8,"1,881,101",10188
"KENTUCKY",2010,4339367,2793.9,242.6,4.3,31.8,86.4,120.1,2551.3,698.5,1709.7,143.1,20544,172044.7,"2,385,579",10104
"KENTUCKY",2011,4369356,2947,238.2,3.5,33.5,84.5,116.7,2708.8,745,1811.1,152.7,21545,174136,"2,280,832",9063
"KENTUCKY",2012,4380415,2775.5,222.6,4.5,29,80.7,108.4,2552.9,675.4,1725.2,152.2,22110,176302.3,"2,589,358",9728
"KENTUCKY",2015,4425092,2396.3,218.7,4.7,56.2,74.7,105.5,2177.6,503,1498.7,175.9,21701,181323.1,"3,218,371",7730
"KENTUCKY",2016,4436974,2422,232.3,5.9,63.5,75.9,113.5,2189.7,469.6,1497.4,222.8,23022,182618.6,"3,676,847",3374
"KENTUCKY",2017,4454189,2354.9,225.8,5.9,37.3,66.4,116.2,2129.1,453.4,1445.7,230,23543,184540.9,"4,641,480",9811
"KENTUCKY",2018,4468402,2174.5,211.9,5.5,38.2,55,113.2,1962.6,384.7,1348.2,229.6,23431,187215.5,"4,912,441",9588
"KENTUCKY",2009,4314113,2771.4,258.7,4.1,35,84.1,135.4,2512.7,688.5,1683.3,140.9,21638,165014.9,"2,189,578",10483
"KENTUCKY",2014,4413457,2458.5,211.6,3.6,52.6,75.6,99.8,2246.9,526.7,1577.1,143.2,21657,179989.2,"2,492,184",9315
"KENTUCKY",2013,4395295,2572.7,209.8,3.8,62.3,73.9,95.5,2362.9,596.4,1629.3,137.2,21030,179390,"1,578,331",9120
"LOUISIANA",2008,4410796,4479.3,656.2,11.9,27.9,135.9,480.4,3823.1,982.1,2529.4,311.6,NA,235276.2,"248,355",22621
"LOUISIANA",2009,4492076,4414.6,620,11.8,30.3,135.9,442,3794.6,1029.5,2504.3,260.8,39780,238666.1,"247,084",15453
"LOUISIANA",2010,4533372,4196.5,549,11.2,27.2,114.9,395.6,3647.5,1002.2,2427.1,218.2,39445,247350.9,"239,204",18493
"LOUISIANA",2011,4574836,4243.8,555.3,11.2,27.7,114.5,401.9,3688.5,1012.5,2476.6,199.4,39710,234062.7,"264,552",20593
"LOUISIANA",2012,4601893,4037.5,496.9,10.8,25.2,119,342,3540.6,915.7,2453.7,171.3,40172,233623.1,"326,290",19364
"LOUISIANA",2018,4659978,3813.5,537.5,11.4,44.7,98,383.4,3276,668.1,2360.4,247.6,32397,237372.2,"307,192",18554
"LOUISIANA",2015,4670724,3893.1,539.7,10.3,63.9,118.8,373.7,3353.4,759,2385.8,208.6,36377,232457.6,"372,613",13245
"LOUISIANA",2016,4681666,3863.8,566.1,11.8,67.2,119.1,396.4,3297.7,740.5,2336.3,220.8,35682,228252.5,"391,869",13088
"LOUISIANA",2017,4684333,3923.8,557,12.4,39.9,114.4,390.3,3366.8,731.5,2401.3,234,33739,231373.1,"329,201",20049
"LOUISIANA",2014,4649676,3973.5,514.7,10.3,50.9,122.5,352.4,3458.8,824.5,2421.6,212.7,38030,233675.8,"315,357",13567
"LOUISIANA",2013,4625470,4100.5,518.5,10.8,61.9,119.9,352.8,3582,890.4,2493.6,198,39299,226615.9,"353,025",10987
"MAINE",2008,1316456,2569.9,117.5,2.4,28.5,25.3,61.4,2452.4,495.4,1867.7,89.3,NA,53921,"56,561",2961
"MAINE",2009,1318301,2523.3,119.8,2,28.5,30.3,59,2403.5,510.4,1815.7,77.4,2206,53063.6,"60,955",2859
"MAINE",2011,1328188,2668.7,123.2,2,29.6,27.8,63.8,2545.5,591.3,1873,81.2,2145,53087.8,"73,127",2819
"MAINE",2010,1328361,2601.3,122,1.8,29.3,31.2,59.8,2479.3,554,1850.8,74.5,2154,53776.2,"65,988",2839
"MAINE",2012,1329192,2632.6,122.7,1.9,28,31.8,61,2509.9,561.3,1873.7,74.9,2108,52874,"91,834",2826
"MAINE",2016,1331479,1769.5,123.8,1.5,53.4,20,71.3,1645.7,300.6,1286.8,58.2,2404,54971,"111,582",3846
"MAINE",2017,1335907,1628.1,121,1.7,35.4,18.6,65.3,1507.1,249.6,1198.1,59.4,2404,56189.3,"96,590",2900
"MAINE",2018,1338404,1469.9,112.1,1.8,33.3,17,60,1357.8,202.7,1097.1,58.1,2425,57450.4,"93,360",2932
"MAINE",2014,1330089,2114.2,127.8,1.6,63.6,22.9,66.9,1986.4,378.2,1548.2,60.1,2242,53418,"83,085",2815
"MAINE",2013,1328302,2421.5,129.3,1.8,59.6,25.2,68.7,2292.2,488.1,1735.3,68.8,2173,52505,"96,760",2806
"MAINE",2015,1329328,1960.1,130.1,1.7,62.3,23.4,69.3,1830,352.4,1416.4,61.2,2279,53780.5,"94,744",2837
"MARYLAND",2008,5633597,4145.8,628.2,8.8,20,234.4,365.1,3517.6,689.6,2378.3,449.7,NA,315858.9,"89,583",20797
"MARYLAND",2009,5699478,3790.6,589.9,7.7,20.3,210.7,351.3,3200.7,649.7,2206.7,344.2,22255,314862.8,"95,191",20609
"MARYLAND",2010,5773552,3545,547.7,7.4,21.3,191.5,327.5,2997.3,632.9,2051.7,312.6,22645,327234.5,"88,162",20467
"MARYLAND",2011,5828289,3354.3,494.1,6.8,20.5,177.5,289.3,2860.2,614,1970.5,275.7,22558,334306.6,"103,020",20453
"MARYLAND",2012,5884563,3230.3,476.8,6.3,21,172.3,277.2,2753.5,573.2,1924.9,255.3,21522,334821.6,"136,604",17956
"MARYLAND",2013,5928814,3137.3,473.8,6.4,45.7,169.5,272,2663.5,538.9,1898.3,226.3,21335,334939,"231,182",22726
"MARYLAND",2014,5976407,2953.6,446.1,6.1,46.2,159.7,253.2,2507.5,468.7,1819.6,219.2,21011,338734,"142,207",20745
"MARYLAND",2015,6006401,2772.2,457.2,8.6,47.4,164.2,256.7,2315,427.5,1668.5,218.9,20764,345230.2,"125,694",22959
"MARYLAND",2016,6016447,2756.5,472,8,50.2,171,263.8,2284.5,410.4,1677.4,196.7,19994,356817.6,"165,367",10286
"MARYLAND",2018,6042718,2502,468.7,8.1,32.8,160.8,267,2033.3,312.6,1519.8,200.9,18856,368860.2,"151,470",19916
"MARYLAND",2017,6052177,2722.5,500.2,9,27.9,185.1,278.2,2222.3,388.4,1609.7,224.2,19367,360030.1,"158,659",20060
"MASSACHUSETTS",2008,6497967,2849.1,449,2.6,26.7,108.8,310.9,2400.1,555.5,1648.6,196,NA,412600.5,"119,859",20173
"MASSACHUSETTS",2010,6547629,2817.1,466.6,3.2,26.7,105,331.8,2350.5,576.8,1598.8,174.9,11313,424581.3,"115,904",19574
"MASSACHUSETTS",2011,6587536,2687.1,428.4,2.8,24.7,102.7,298.1,2258.7,554.6,1540.3,163.7,11623,434723.5,"153,487",19771
"MASSACHUSETTS",2009,6593587,2761.1,457.1,2.6,25.8,112.6,316,2304,525.7,1600.3,178,11316,408061.8,"98,864",16783
"MASSACHUSETTS",2012,6646144,2558.5,405.5,1.8,24.7,98.6,280.4,2153,519.7,1494.4,138.9,11308,444329.8,"210,453",19282
"MASSACHUSETTS",2015,6794422,2081.6,390.9,1.9,54.2,77.8,280.7,1690.7,322.2,1249.7,118.8,9922,471135.3,"167,285",20673
"MASSACHUSETTS",2016,6811779,1938,376.9,2,54.6,78.8,265,1561.1,281.8,1161,118.3,9403,478961,"226,212",30980
"MASSACHUSETTS",2017,6859819,1795,358,2.5,32,71,252.5,1437,249.1,1078,109.9,9133,490839.8,"206,492",20119
"MASSACHUSETTS",2018,6902149,1601.4,338.1,2,34.9,60,241.2,1263.3,200.8,966.8,95.7,8692,506072.8,"211,295",20340
"MASSACHUSETTS",2013,6692824,2464.6,413.4,2,71.8,100.2,270.5,2051.2,459.2,1455.7,136.3,10950,444865.8,"251,361",19650
"MASSACHUSETTS",2014,6745408,2248.5,391.4,2,56.4,89.5,267.6,1857.1,370.1,1364.5,122.5,10713,453884.2,"179,344",20057
"MICHIGAN",2011,9876187,3057.4,445.3,6.2,44,105.2,289.9,2612.1,724.9,1629,258.2,42940,411465.7,"356,635",23744
"MICHIGAN",2012,9883360,2985,454.5,7,46.4,105.6,295.5,2530.5,664.4,1612,254.1,43636,418857.4,"430,405",23165
"MICHIGAN",2010,9883640,3203.9,490.3,5.7,47.3,116.3,321,2713.6,747.4,1689.5,276.8,44165,400941.4,"348,200",24426
"MICHIGAN",2015,9922576,2301.1,415.5,5.8,107,78.6,266.2,1885.6,403.5,1323.2,158.9,42628,442481.8,"500,921",22913
"MICHIGAN",2016,9928300,2368.9,459,6,123.3,71.7,309.5,1909.9,398.5,1308.1,203.2,41122,452268.8,"579,605",23914
"MICHIGAN",2017,9962311,2250,450,5.7,70.6,65.1,308.5,1800,357.8,1245.7,196.5,39666,459129.1,"513,243",23856
"MICHIGAN",2018,9995915,2102.9,449.4,5.5,76.9,56.6,310.3,1653.5,316.6,1162.3,174.6,38761,470529.2,"489,957",23991
"MICHIGAN",2008,10003422,3436.3,501.5,5.4,45,129.6,321.5,2934.8,741.5,1831.1,362.3,NA,416701.8,"357,335",26495
"MICHIGAN",2013,9895622,2777.5,449.9,6.4,113.1,102.1,274.8,2327.6,569.4,1510,248.3,43759,424319.9,"503,979",22669
"MICHIGAN",2014,9909877,2471.2,427.3,5.4,104.2,80.9,277.7,2043.9,445.9,1384.5,213.5,43390,431510.9,"424,091",23179
"MICHIGAN",2009,9969727,3334.8,497,6.3,45.3,123.7,321.7,2837.8,760.5,1782.6,294.7,45478,380091.2,"362,172",25419
"MINNESOTA",2015,5489594,2464.7,242.6,2.4,73,68.7,129.2,2222.1,351.6,1725.2,145.4,10798,313086.2,"519,244",13917
"MINNESOTA",2016,5519952,2375.9,242.6,1.8,73.9,67.5,130.7,2133.3,337.1,1638.1,158.1,10592,319129.9,"651,599",13754
"MINNESOTA",2017,5576606,2429.8,238.3,2,42.8,64.9,128.6,2191.5,336.9,1675.7,178.9,10708,325322.7,"683,544",14848
"MINNESOTA",2018,5611179,2214.2,220.4,1.9,43.9,52.5,122.2,1993.8,288.4,1524.8,180.5,10101,333919.5,"604,078",15264
"MINNESOTA",2012,5379139,2799.2,230.9,1.8,30.5,64.6,134,2568.3,471.8,1939.3,157.2,9938,294296.6,"440,992",13476
"MINNESOTA",2008,5220393,3113.4,262.8,2.1,34.6,80,146.1,2850.6,505.9,2151.6,193.1,NA,285792.2,"277,175",13697
"MINNESOTA",2009,5266214,2884.9,243.9,1.4,34,68.7,139.8,2641,484,1995.3,161.8,9986,275453.1,"285,130",13709
"MINNESOTA",2010,5303925,2808.3,236,1.8,33.9,63.9,136.4,2572.3,460.3,1950,161.9,9796,284863.9,"297,390",13509
"MINNESOTA",2011,5344861,2770.6,221.2,1.4,31.1,63.4,125.4,2549.4,481.3,1915.1,153.1,9800,290630.4,"337,534",13409
"MINNESOTA",2013,5420380,2654.8,234.4,2.1,62.9,67.8,127.5,2420.4,419,1854.4,147,10289,300633.1,"525,774",13348
"MINNESOTA",2014,5457173,2526.6,229.1,1.6,63.3,67.6,123.3,2297.5,380.7,1763.5,153.3,10637,309239.2,"481,122",13589
"MISSISSIPPI",2008,2938618,3225.3,284.9,8.1,30.3,102.6,143.9,2940.4,885.6,1838.7,216.2,NA,104386.2,"181,068",8243
"MISSISSIPPI",2009,2951996,3234.6,281.3,6.4,31.8,100.4,142.6,2953.3,987.9,1782.5,183,21482,99463,"167,057",8764
"MISSISSIPPI",2010,2967297,3254.7,269.7,7,31.2,93.7,137.8,2985,1026,1778.4,180.6,21067,99983.6,"169,873",10325
"MISSISSIPPI",2011,2978512,3295.3,269.8,8,29,83.7,149.1,3025.5,1037.7,1822.5,165.4,21386,98727.7,"185,059",6216
"MISSISSIPPI",2017,2984100,3019.6,285.7,8.2,36.6,69.4,171.5,2733.9,828.1,1750.6,155.2,19103,101515.7,"251,852",4437
"MISSISSIPPI",2012,2984926,3071.8,260.8,7.4,27.5,76.5,149.4,2811,940.6,1725.6,144.8,22319,99614.6,"222,297",5662
"MISSISSIPPI",2018,2986530,2637.4,234.4,5.7,18,53.4,157.2,2403,697.8,1561.2,144,19275,102837.4,"247,278",4240
"MISSISSIPPI",2013,2991207,2999.3,274.6,6.5,55,80.5,156.5,2724.7,835.6,1742.3,146.7,21969,99622.4,"231,711",4609
"MISSISSIPPI",2014,2994079,3199.7,278.5,8.6,60.8,81.2,153.4,2921.2,813.3,1956.9,150.9,18793,100118.3,"214,829",4162
"MISSISSIPPI",2016,2988726,3048.6,280.5,8,73,80.2,149.6,2768.1,781.4,1842.1,144.7,19192,100656.5,"276,161",4274
"MISSISSIPPI",2015,2992333,3109.4,275.8,8.7,69,76.7,150.3,2833.6,828.8,1863,141.8,18911,100242.5,"252,372",4016
"MISSOURI",2008,5911605,4168.1,504.4,7.7,27.3,125,344.4,3663.7,774.5,2537.9,351.3,NA,270608.3,"321,487",20319
"MISSOURI",2009,5987580,3877.1,491.8,6.4,26.8,124.5,334.1,3385.3,731.3,2362.1,291.9,30563,265310.1,"355,678",20486
"MISSOURI",2010,5988927,3801.4,455,7,23.9,102.4,321.7,3346.4,735.4,2343,268,30623,269735,"349,672",20375
"MISSOURI",2011,6010688,3756.2,447.4,6.1,24.3,104.3,312.7,3308.8,745.7,2308.3,254.8,30833,266725.8,"394,923",20158
"MISSOURI",2012,6021988,3765.3,450.9,6.5,25.1,96,323.4,3314.4,705.2,2338.4,270.8,31247,268761.5,"513,303",19487
"MISSOURI",2015,6083672,3351.6,497.4,8.3,72.5,104.8,342.4,2854.2,559,2015.8,279.4,32330,276700.4,"584,875",20062
"MISSOURI",2016,6093000,3318.5,519.4,8.8,72.8,107.8,360.8,2799.1,520.4,1978.4,300.3,32461,275500.5,"632,319",22468
"MISSOURI",2017,6113532,3364.2,530.3,9.8,44.6,103.9,372,2833.9,492,2016,325.9,32601,278191.9,"524,973",20492
"MISSOURI",2018,6126452,3149.2,502.1,9.9,47.5,84.8,359.8,2647.1,444.9,1878.8,323.4,30369,284924.1,"496,184",20226
"MISSOURI",2013,6044171,3570.4,433.4,6.1,64.3,90.7,298.7,3137,643,2223.9,270.1,31537,271902.1,"567,009",20093
"MISSOURI",2014,6063589,3349.4,442.9,6.6,67.3,92.2,304.8,2906.5,581.5,2055.3,269.8,31942,273170.5,"517,063",20309
"MONTANA",2008,967440,2861.1,258.1,2.4,30.4,17.8,207.6,2603,344.4,2095.9,162.6,NA,40161.5,"97,599",2661
"MONTANA",2009,974989,2717.6,253.6,2.9,30.2,22.2,198.5,2464,347.3,1967.4,149.3,3605,39337.4,"101,976",2965
"MONTANA",2010,989415,2816,272.2,2.6,32.4,15.9,221.2,2543.8,369.3,2020.3,154.2,3716,40543.8,"101,095",2941
"MONTANA",2012,1005141,2855.9,272.2,2.7,37.7,19,212.8,2583.7,387.4,2028.3,168,3609,42005.8,"134,455",2405
"MONTANA",2015,1032949,2973.2,349.6,3.5,94.7,20.3,272.8,2623.6,371.6,2017.9,234.1,3685,44871.4,"127,705",3153
"MONTANA",2016,1042520,3051.8,368.3,3.5,95.1,25.5,283.9,2683.5,377.4,2043,263.1,3814,44265.4,"136,337",1870
"MONTANA",2017,1050493,2968.7,377.1,3.9,58.4,28.1,286.7,2591.6,344.1,2000.8,246.7,3698,45029.2,"123,938",3034
"MONTANA",2018,1062305,2870.4,374.1,3.2,51.9,25.3,293.7,2496.3,306.6,1926.5,263.2,3765,46219.7,"117,607",2902
"MONTANA",2011,998199,2587.2,267.5,2.8,35.8,16.9,212,2319.7,339.6,1834,146.1,3678,41473.1,"108,974",3022
"MONTANA",2013,1015165,2809.4,252.9,2.2,68.7,20.1,190.2,2556.5,400.3,1974,182.2,3642,42433.8,"137,830",2542
"MONTANA",2014,1023579,2796.6,323.7,3.6,94.9,19.8,247.4,2472.9,351.2,1922.1,199.6,3699,43173.7,"121,836",2021
"NEBRASKA",2008,1783432,3182.3,303.7,3.8,32.7,72.8,194.3,2878.6,492,2151.8,234.8,NA,93569.3,"56,589",4810
"NEBRASKA",2009,1796619,3043.1,281.6,2.2,33.1,67.8,178.4,2761.5,484.3,2083.5,193.8,4474,94050,"59,328",4815
"NEBRASKA",2010,1826341,2952.7,279.5,3,36.8,56.1,183.6,2673.2,455.9,2019.4,197.9,4587,97856.7,"58,283",4835
"NEBRASKA",2011,1842641,3006.1,253.2,3.6,37.7,54.1,157.7,2752.9,472.9,2057.3,222.7,4616,102332.7,"65,860",4893
"NEBRASKA",2012,1855525,3014.3,259.4,2.9,38.3,60.9,157.4,2754.9,470.8,2060.7,223.5,4705,102269,"85,860",4943
"NEBRASKA",2017,1920076,2579.9,305.9,2.2,62,50.4,191.2,2274,337.1,1666,271,5313,113110.4,"74,318",4852
"NEBRASKA",2018,1929268,2364.7,284.8,2.3,63.9,39.2,179.4,2079.9,271.9,1555.3,252.6,5491,114170,"74,477",5398
"NEBRASKA",2013,1868516,2885.5,262.1,3.1,75.9,55.7,160.5,2623.4,476.3,1908.2,238.9,5026,105038.2,"91,553",4915
"NEBRASKA",2014,1881503,2803.9,280.4,2.9,78.8,55.4,176.2,2523.5,422.5,1864.1,236.8,5441,107166.2,"68,568",5152
"NEBRASKA",2015,1896190,2516,274.9,3.3,80.4,52.4,173.1,2241.1,338.7,1691.4,211,5372,110325.7,"79,340",5241
"NEBRASKA",2016,1907116,2554.3,291,2.6,90.8,49.6,186.7,2263.3,337.9,1677.6,247.8,5302,110812,"88,663",4864
"NEVADA",2008,2600167,4172,724.5,6.3,42.4,248.9,426.9,3447.5,929,1906.8,611.6,NA,138863.3,"95,252",8841
"NEVADA",2009,2643085,3757.8,702.2,5.9,38.6,227.8,429.8,3055.6,832.1,1755.1,468.4,12482,127242.4,"107,343",10115
"NEVADA",2010,2700551,3435.3,660.6,5.9,35.7,196.2,422.9,2774.7,823,1574.5,377.1,12653,128827.2,"104,789",9873
"NEVADA",2011,2723322,3122.6,562.1,5.2,33.5,157.9,365.6,2560.5,742.3,1470,348.3,12778,129733.5,"118,740",8325
"NEVADA",2012,2758931,3417,607.6,4.5,33.7,178.3,391.1,2809.4,801.8,1644.6,363.1,12883,128043,"146,363",9447
"NEVADA",2013,2790136,3440.7,603,5.8,89.9,185.8,360.6,2837.7,826,1653.4,358.3,13056,128272.7,"146,892",8812
"NEVADA",2015,2890845,3364.2,695.9,6.2,101.2,217.5,413.9,2668.3,773.5,1502.2,392.7,13071,135429.2,"127,480",9106
"NEVADA",2016,2940058,3264.7,678.1,7.6,102.8,215.6,395.9,2586.6,641.1,1497.1,448.3,13757,139295.5,"147,992",13238
"NEVADA",2017,2998039,3168.3,555.9,9.1,63,161.5,322.3,2612.4,668.7,1516.4,427.3,13671,143733.4,"129,622",9831
"NEVADA",2018,3034392,2979.3,541.1,6.7,76.8,127.3,330.4,2438.2,584.7,1461.2,392.3,13641,149779.9,"127,434",9110
"NEVADA",2014,2839099,3261,635.6,6,82.8,209.7,372.1,2625.4,772.3,1494.3,358.7,12537,129999.9,"116,735",8973
"NEW HAMPSHIRE",2008,1315809,2249.1,157.2,1,29.7,31.8,94.7,2091.9,325.7,1660.8,105.4,NA,65016.8,"67,293",3373
"NEW HAMPSHIRE",2010,1316470,2353.3,167,1,31.3,34.3,100.4,2186.3,413.3,1699.5,73.5,2761,66441.5,"79,940",3441
"NEW HAMPSHIRE",2011,1318194,2471.9,188,1.3,32.5,36,118.2,2283.9,436.1,1773.9,73.9,2614,66840.1,"90,984",3473
"NEW HAMPSHIRE",2012,1320718,2511.9,187.9,1.1,34,35.7,117,2324,412.2,1834.3,77.5,2790,67689.2,"128,178",3436
"NEW HAMPSHIRE",2009,1324575,2320.6,159.6,0.8,30.2,34.4,94.3,2161,372,1704.1,84.9,2731,64449.6,"76,102",3353
"NEW HAMPSHIRE",2015,1330608,1945,199.3,1.1,81.7,35.2,116,1745.7,260.6,1418.2,67,2897,71511.1,"136,816",3459
"NEW HAMPSHIRE",2016,1334795,1710.5,197.6,1.3,75.3,32,120.7,1512.9,222,1225.7,65.3,2818,72815.6,"165,164",5624
"NEW HAMPSHIRE",2017,1342795,1580.5,198.7,1,49.4,31.2,117.1,1381.8,191.7,1122,68.1,2750,74118.8,"129,090",3623
"NEW HAMPSHIRE",2018,1356458,1421.7,173.2,1.5,39.4,26.5,105.8,1248.5,136.2,1048.2,64.1,2745,75833.2,"120,889",3689
"NEW HAMPSHIRE",2013,1323459,2409.6,215.3,1.7,88,49,112.7,2194.3,373,1750.3,71,3018,68800.2,"147,726",3432
"NEW HAMPSHIRE",2014,1326813,2158.8,196.1,0.9,79.3,40.5,110,1962.7,313.7,1584.4,64.6,2963,69544.7,"124,677",3401
"NEW JERSEY",2008,8682661,2619.9,326.5,4.3,12.9,146.3,163,2293.4,465.3,1595.7,232.4,NA,533053.7,"40,525",42022
"NEW JERSEY",2009,8707739,2391.2,311.5,3.7,12,133.7,162.2,2079.7,427.9,1473.7,178.1,25382,511149.6,"55,533",41609
"NEW JERSEY",2010,8791894,2389.6,307.7,4.2,11.2,134.4,157.9,2081.9,440.5,1464.5,176.9,25007,516589.3,"50,522",39996
"NEW JERSEY",2011,8821155,2459.1,308.4,4.3,11.4,138.4,154.3,2150.7,490.2,1463.1,197.4,23834,510928.5,"60,256",36854
"NEW JERSEY",2012,8864590,2337.5,290.2,4.4,11.7,128.4,145.7,2047.3,477.6,1383.7,185.9,23225,519745.8,"85,851",37881
"NEW JERSEY",2013,8899339,2171.3,288.5,4.5,22.3,135.8,135.6,1882.8,403.1,1325.2,154.5,22452,523334.2,"120,071",31931
"NEW JERSEY",2018,8908520,1613,208.1,3.2,16,71.4,117.4,1404.9,215.9,1065.1,123.9,19362,555755.1,"93,124",40847
"NEW JERSEY",2014,8938175,1995.3,261.2,3.9,25,117.5,125.6,1734.1,354.8,1248.3,131,21590,525728.5,"92,320",38778
"NEW JERSEY",2016,8944469,1789.6,245,4.2,28.4,100.4,124.2,1544.6,282.7,1135.2,126.6,19786,539942.8,"121,853",47730
"NEW JERSEY",2015,8958013,1881.9,255.4,4.1,26.7,108.6,127.4,1626.5,312.1,1182.9,131.5,20489,535299.2,"90,034",39376
"NEW JERSEY",2017,9005644,1784.3,228.8,3.6,16.7,87.7,120.8,1555.5,265.3,1155.1,135.1,19585,543530.1,"103,739",40469
"NEW MEXICO",2008,1984356,4559.1,649.9,7.2,57.4,109.5,475.9,3909.2,1094.2,2411.6,403.4,NA,85976.8,"106,131",5765
"NEW MEXICO",2009,2009671,4354.8,619,8.7,52.6,93.1,464.7,3735.8,1095.8,2317.8,322.2,6363,87667.4,"106,854",6615
"NEW MEXICO",2010,2059179,4024.3,588.9,6.9,46.5,78.4,457.1,3435.4,1020.5,2160.1,254.8,6763,87004.1,"109,069",6030
"NEW MEXICO",2011,2082224,4099,567.5,7.5,41.2,82.7,436.2,3531.5,1028.9,2242.9,259.7,6998,87166.3,"115,620",6181
"NEW MEXICO",2013,2085287,4317.8,613,6,124.3,86.8,449.9,3704.8,1029.9,2391.8,283.2,6849,86506,"156,333",511
"NEW MEXICO",2012,2085538,4159.8,559.1,5.6,45.9,88.6,419.1,3600.7,1025.3,2313.4,261.9,6727,87601.6,"143,419",6023
"NEW MEXICO",2014,2085572,4139.7,597.4,4.8,122.1,100,421.8,3542.3,887.3,2353.4,301.6,7021,89275.2,"139,780",4780
"NEW MEXICO",2017,2088070,4725.2,783.5,7.1,60.3,178.3,537.8,3941.7,858.1,2519.9,563.8,7276,91343.6,"159,779",4208
"NEW MEXICO",2018,2095428,4276.3,856.6,8,64.6,135.1,648.9,3419.7,767.8,2166.1,485.8,7030,93604.6,"156,853",3877
"NEW MEXICO",2015,2085109,4353.5,656.1,5.6,138.5,119.2,451.2,3697.4,819.4,2469.1,408.9,7169,91200.8,"147,912",1419
"NEW YORK",2010,19378102,2333.3,392.1,4.5,14.3,146.9,226.4,1941.2,335.3,1500.4,105.4,56656,1269486.5,"241,495",83394
"NEW YORK",2011,19465197,2310.5,398.1,4,14.1,145.9,234.1,1912.4,336,1477.2,99.2,55436,1269244.9,"271,837",81795
"NEW YORK",2008,19490297,2391.6,398.1,4.3,14.4,163,216.4,1993.5,337.3,1527.3,128.9,NA,1175470.9,"221,920",80949
"NEW YORK",2009,19541453,2320.7,384.7,4,13.2,144,223.5,1936,321.6,1502.5,111.9,58687,1223229.4,"241,165",83941
"NEW YORK",2018,19542209,1791,350.5,2.9,33.6,93.1,220.9,1440.5,159.3,1214,67.2,46636,1435636.2,"358,614",84204
"NEW YORK",2013,19651127,2218.5,393.7,3.3,30.2,138.6,234.7,1824.8,287.2,1458.8,78.8,53550,1319298.5,"353,064",78497
"NEW YORK",2017,19849399,1870.9,356.7,2.8,31.9,101.3,220.8,1514.2,176.3,1270.3,67.6,49461,1418942,"382,495",83642
"NEW YORK",2012,19570261,2328.8,406.8,3.5,14.6,146.4,242.3,1922,329.9,1503.5,88.6,54210,1322447.9,"338,619",79358
"NEW YORK",2014,19746227,2100,381.8,3.1,47.3,121.8,229.4,1718.2,257.2,1381.4,79.7,52518,1349268.1,"365,427",78535
"NEW YORK",2016,19745289,1921.8,376.2,3.2,54.8,113,228.3,1545.6,201.7,1271,72.9,50716,1389680.6,"404,772",129006
"NEW YORK",2015,19795791,1983.7,379.7,3.1,52.9,120.9,225,1604,223.7,1303,77.4,51727,1372162.8,"346,048",81036
"NORTH CAROLINA",2008,9222414,4511.4,467.3,6.5,24.8,155.4,280.6,4044.1,1210.1,2544,290,NA,446920.3,"347,473",32028
"NORTH CAROLINA",2009,9380884,4072.4,404.3,5.3,24.6,126.1,248.4,3668.1,1149.5,2305.2,213.5,39860,427107.8,"368,460",32357
"NORTH CAROLINA",2010,9535483,3810.7,363.4,5,21.1,100.8,236.5,3447.3,1076.9,2178.4,192,40382,433404.3,"331,637",32755
"NORTH CAROLINA",2011,9656401,3876.6,349.8,5.3,20.7,98.9,224.9,3526.8,1099.2,2251.2,176.4,39440,439088.5,"375,211",33061
"NORTH CAROLINA",2012,9752073,3722.9,353.4,4.9,20.3,96.3,231.8,3369.5,1018.5,2185.7,165.3,37136,439571,"489,307",33353
"NORTH CAROLINA",2013,9848060,3470.2,342.2,4.8,42.6,94.9,218.4,3128,921,2058.7,148.3,36922,445361.4,"574,622",33505
"NORTH CAROLINA",2014,9943964,3202.6,329.5,5.1,41.8,84.6,215.4,2873.1,798.2,1937.8,137.1,37096,455046.2,"1,182,349",34520
"NORTH CAROLINA",2017,10273419,2909,363.7,5.8,26.4,91,240.5,2545.3,630.6,1760.9,153.8,36394,485498.6,"537,813",34950
"NORTH CAROLINA",2015,10042802,3097.1,347,5.1,46,87.9,227.3,2750.1,745.2,1871.1,133.8,36617,469478.8,"531,876",34225
"NORTH CAROLINA",2018,10383620,2871.7,377.6,6,25.4,81.1,265.1,2494.1,599.9,1724.4,169.8,34899,497331.3,"529,916",34100
"NORTH DAKOTA",2008,641481,2060.9,166.5,0.5,36.2,11.2,118.6,1894.4,328.3,1428.6,137.5,NA,34154.6,"46,832",1673
"NORTH DAKOTA",2009,646844,2133.5,200.7,1.5,34.8,16.2,148.1,1932.8,363.9,1437.1,131.7,1486,35043.2,"47,962",1735
"NORTH DAKOTA",2010,672591,1993.5,225,1.5,35.2,13.4,174.8,1768.5,292.3,1348.5,127.7,1487,37696.5,"47,083",1840
"NORTH DAKOTA",2011,683932,2183.7,247,3.5,37.9,13.3,192.3,1936.7,355.7,1437.7,143.3,1423,41942.3,"61,032",1864
"NORTH DAKOTA",2012,699628,2254.8,244.7,4,38.9,18.7,183.1,2010.1,339.8,1505.8,164.5,1512,51345.1,"84,867",1968
"NORTH DAKOTA",2017,755393,2479.1,281.3,1.3,52.8,24.2,202.9,2197.8,389.5,1573.6,234.7,1723,51014.7,"66,977",2418
"NORTH DAKOTA",2015,756927,2355.9,239.4,2.8,82.1,19.6,171.5,2116.5,395.9,1511.4,209.1,1795,54901.6,"69,429",2345
"NORTH DAKOTA",2016,757952,2547,251.1,2,78.9,23.9,180.1,2295.9,427.9,1608.9,259.1,1791,51036.3,"72,036",1978
"NORTH DAKOTA",2018,760077,2320.8,280.6,2.4,52.2,20.8,205.2,2040.2,358.4,1448.3,233.5,1695,52873,"62,334",2477
"NORTH DAKOTA",2013,723393,2364.1,270.1,2.2,77.4,22.4,199.9,2094,405.6,1492.7,195.7,1513,52530.8,"85,812",1992
"NORTH DAKOTA",2014,739482,2375.4,265.1,3,85.7,23.4,190.3,2110.3,366.1,1539.5,204.7,1718,56522.9,"70,548",2157
"OHIO",2008,11485910,3759.9,348.2,4.7,38.5,163,142.1,3411.7,892.8,2270.5,248.4,NA,537199.7,"350,014",31469
"OHIO",2010,11536504,3560.4,315.2,4.1,32.1,142.8,136.2,3245.2,923.3,2138.8,183.1,51712,521094.7,"393,250",27987
"OHIO",2009,11542645,3603,332.1,4.5,34.8,154.1,138.7,3270.9,902.9,2169.8,198.3,51606,509215.7,"395,580",29797
"OHIO",2012,11544225,3417.1,299.7,4.3,31.7,132,131.7,3117.4,895.9,2052.5,169,50876,540819.3,"629,215",19288
"OHIO",2011,11544951,3662.1,307.4,4.4,31.5,139.1,132.4,3354.7,976.3,2195.9,182.5,50964,538703.3,"468,974",30000
"OHIO",2017,11658609,2716.6,297.5,6.1,50.3,99.5,141.6,2419.1,502.4,1743,173.7,51478,594315.2,"753,072",17954
"OHIO",2018,11689442,2457,279.9,4.8,45.3,78.6,151.2,2177.1,412.2,1594.6,170.3,50431,605394.6,"717,475",19868
"OHIO",2013,11570808,3213.7,286.2,3.9,59.3,124.2,123.2,2927.5,790.2,1968.5,168.8,51729,550800,"680,930",16934
"OHIO",2014,11594163,3084,284.9,4,78.8,110,127.4,2799.1,680,1963.6,155.4,51519,571911.6,"596,389",12771
"OHIO",2015,11613423,2879.6,291.9,4.3,80.1,108.1,135.1,2587.7,596.7,1842.6,148.4,52233,580414.1,"748,502",17974
"OHIO",2016,11614373,2877.8,300.3,5.6,83.8,107.8,138.7,2577.5,575.9,1832.3,169.3,52175,585088.9,"875,724",21070
"OKLAHOMA",2008,3642361,3969.1,526.7,5.8,40.2,101.1,379.5,3442.4,963.1,2180.5,298.7,NA,161361.4,"221,612",11553
"OKLAHOMA",2009,3687050,4074.9,501.1,6.2,41.5,90.7,362.7,3573.8,1030,2261.7,282.2,24803,159235.6,"234,562",11984
"OKLAHOMA",2010,3751351,3895,479.5,5.2,38.7,89,346.7,3415.5,999,2144.8,271.6,26252,159226.5,"233,909",11667
"OKLAHOMA",2011,3791508,3811,454.8,5.5,37,86.6,325.7,3356.2,958.5,2106.8,290.9,25977,165153,"271,816",11978
"OKLAHOMA",2012,3814820,3870.3,469.3,5.7,41.6,84.7,337.3,3401,936.6,2161.3,303.1,25225,173483.7,"367,976",12445
"OKLAHOMA",2015,3911338,3307.9,422,6,81.9,76.8,291.9,2885.9,726.2,1892.5,267.2,28547,195902.1,"359,276",11417
"OKLAHOMA",2017,3930864,3332.6,456.2,6.2,54.5,76.3,319.3,2876.4,727.8,1836.9,311.7,28143,191544.2,"334,351",12945
"OKLAHOMA",2018,3943079,3341.1,466.1,5.2,58.3,70.8,331.8,2875,681.1,1856.8,337,27709,196524.6,"332,291",13016
"OKLAHOMA",2014,3878051,3396.7,406,4.5,78.7,78.6,277,2990.7,760.9,1956.9,272.9,27650,187739.1,"348,495",10155
"OKLAHOMA",2013,3850568,3714.9,441.2,5.1,100.1,78.7,300.8,3273.7,866.1,2116.4,291.2,27547,177601.6,"380,634",12216
"OREGON",2008,3790060,3539.4,257.2,2.2,30.5,69.7,154.8,3282.2,550.9,2432.3,299,NA,173955.1,"179,887",9965
"OREGON",2009,3825657,3221.8,254.7,2.2,30.5,64.3,157.6,2967.1,506.5,2202.6,258,14403,166653.2,"185,043",10230
"OREGON",2011,3871859,3362.2,247.6,2.1,31.4,57.4,156.6,3114.6,528.1,2352.8,233.7,14510,173883.1,"209,781",10057
"OREGON",2012,3899353,3471.8,247.6,2.4,29.2,61.9,154.1,3224.2,561.7,2400.9,261.7,14840,174493.1,"267,041",9918
"OREGON",2017,4142776,3268.3,281.8,2.5,48.3,58.7,172.3,2986.5,427.4,2145.3,413.7,15218,208625.8,"341,167",10729
"OREGON",2018,4190713,3179.5,285.5,2,47.1,60.8,175.6,2894,389.1,2109.9,395.1,15268,216561.5,"359,682",10664
"OREGON",2010,3831074,3264.9,252,2.4,31.7,62.4,155.6,3012.9,512.6,2267.7,232.6,14876,169015.8,"184,835",10195
"OREGON",2013,3930065,3427.9,254,2,85.4,61,142.7,3173.9,528.5,2394.5,250.9,15362,175805.1,"274,302",9787
"OREGON",2014,3970239,3111.3,232.3,2,63.2,52.7,140.8,2879,434,2204.6,240.5,15075,181861,"243,044",10312
"OREGON",2015,4028977,3206.4,259.8,2.5,68.4,53.3,164.6,2946.6,455.1,2229.7,261.8,15245,191999,"276,126",10571
"OREGON",2016,4093465,3229,264.6,2.8,72.8,55.6,164.1,2964.4,412,2230,322.3,15166,200948.2,"324,708",9470
"PENNSYLVANIA",2008,12448279,2820.2,410,5.6,27.9,151.6,224.8,2410.2,470.9,1758.8,180.5,NA,623821.3,"598,544",29641
"PENNSYLVANIA",2009,12604767,2582.1,380.5,5.2,29,138.9,207.4,2201.6,434.7,1625.5,141.4,51429,605496.7,"641,696",29505
"PENNSYLVANIA",2010,12702379,2539.2,366.2,5.2,26.9,128.8,205.3,2173,434.3,1607.4,131.2,51264,622466.7,"626,677",29488
"PENNSYLVANIA",2011,12742886,2577.3,355,5,26.1,126.6,197.3,2222.3,454,1636.1,132.2,51578,631371.8,"718,934",31245
"PENNSYLVANIA",2012,12763536,2515,348.7,5.4,26.1,122.8,194.4,2166.3,445.5,1603.1,117.7,51125,641317.3,"968,534",30203
"PENNSYLVANIA",2016,12784227,2059.1,316.4,5.2,60,96.4,180.1,1742.7,277.8,1362.8,102.1,49244,689844.4,"1,143,220",42688
"PENNSYLVANIA",2015,12802503,2127.9,315.1,5.1,58,101.6,174.8,1812.8,309.8,1408.2,94.8,49858,681234.6,"993,429",30602
"PENNSYLVANIA",2017,12805537,1962.7,313.3,5.8,32.8,92.1,182.6,1649.4,250.3,1297.7,101.4,48333,693675.6,"1,062,651",30731
"PENNSYLVANIA",2018,12807060,1795.9,306,6.1,35,76.9,188,1489.9,211.6,1175.9,102.4,47239,711822.2,"1,021,943",29181
"PENNSYLVANIA",2014,12787209,2245.8,314.1,4.8,51.7,105.8,173.5,1931.7,357.5,1472.2,102,50694,666494.4,"899,241",29408
"PENNSYLVANIA",2013,12773801,2396.2,335.4,4.7,50.2,115.6,185.7,2060.8,407.3,1545.6,107.8,50312,651318.9,"1,044,731",30082
"PUERTO RICO",2018,3195153,978.6,200.8,20,6.2,71.1,103.6,777.8,171.7,490.1,116,NA,NA,"29,275",NA
"PUERTO RICO",2017,3337177,1166.8,232.6,20.3,6.3,91.5,114.4,934.2,238.2,588.3,107.7,NA,NA,"18,811",NA
"PUERTO RICO",2014,3548397,1521.9,236.2,19.2,2.8,145.7,69.7,1285.7,339.2,815.8,130.7,NA,NA,"16,118",NA
"PUERTO RICO",2013,3615086,1609.3,258,24.4,1.6,166.4,66.3,1351.3,386.2,812.2,153,NA,NA,"16,968",NA
"PUERTO RICO",2012,3667084,1683.1,273.8,26.7,0.9,171.7,74.5,1409.3,416.9,833,159.4,NA,NA,"15,545",NA
"PUERTO RICO",2011,3706690,1679.6,284.4,30.6,1.2,174.4,78.1,1395.2,447.6,789.7,157.9,NA,NA,"11,525",NA
"PUERTO RICO",2008,3954037,1738.5,239.9,20.4,2.4,138.3,78.8,1498.6,484,837.4,177.1,NA,NA,"6,503",NA
"PUERTO RICO",2009,3967288,1674.5,264.5,22.5,1.6,153.6,86.7,1410,466.8,770.9,172.2,NA,NA,"7,992",NA
"PUERTO RICO",2016,3411307,1255.9,224,19.9,8.8,93.8,105.4,1031.9,241.9,679,111,NA,NA,"15,861",NA
"PUERTO RICO",2015,3474182,1305.2,219.6,16.8,8.2,117.1,80.9,1085.6,263.4,705,117.3,NA,NA,"15,892",NA
"RHODE ISLAND",2012,1050292,2824.7,252.4,3.2,27.4,67.9,153.9,2572.3,566.4,1755.7,250.2,3318,51642,"24,050",3045
"RHODE ISLAND",2008,1050788,3090,249.4,2.8,26.4,83.7,136.7,2840.6,547.2,1988.9,304.5,NA,50447.1,"12,405",3240
"RHODE ISLAND",2011,1051302,2924.3,247.5,1.3,28.9,71,146.3,2676.8,662.4,1796.8,217.5,3337,51269.1,"17,271",3091
"RHODE ISLAND",2010,1052567,2813.2,256.6,2.8,28.1,74.1,151.6,2556.6,581.5,1747.2,227.9,3357,51467.5,"14,835",3164
"RHODE ISLAND",2009,1053209,2863.4,252.6,2.9,27.3,74.6,147.7,2610.8,545.9,1837.7,227.2,3674,50213.6,"14,799",3191
"RHODE ISLAND",2018,1057315,1880,219.1,1.5,45.5,42.9,129.2,1660.9,265.8,1250.3,144.8,2767,53624.9,"25,030",3113
"RHODE ISLAND",2017,1059639,1983.8,232.2,1.9,42,44.7,143.5,1751.6,303.6,1308.1,140,2861,52989.3,"24,677",3140
"RHODE ISLAND",2013,1051511,2699.2,257.2,2.9,71,65,147.4,2442,533.2,1696.4,212.4,3361,52084.6,"26,666",3056
"RHODE ISLAND",2014,1055173,2392.8,219.2,2.4,58.2,50.1,132.5,2173.6,457.1,1542.8,173.7,3359,52134.2,"20,400",3126
"RHODE ISLAND",2015,1056298,2140,242.5,2.7,75.5,52.6,143.7,1897.5,373.7,1392.3,131.5,3248,53096.5,"22,129",3065
"RHODE ISLAND",2016,1056426,2137.6,238.9,2.7,72.8,51.1,143.2,1898.7,358.6,1389,151.1,3103,53090.7,"27,758",5226
"SOUTH CAROLINA",2008,4479800,4963.9,729.7,6.8,36.6,147.3,539.1,4234.2,1026.1,2814.1,394,NA,174584.2,"184,941",15316
"SOUTH CAROLINA",2009,4561242,4559.4,670.8,6.3,35.3,125.7,503.4,3888.6,992.8,2598.4,297.4,24288,166849.7,"214,584",12881
"SOUTH CAROLINA",2010,4625364,4498.1,597.7,6.1,31.7,107.7,452.3,3900.4,997.9,2617.2,285.3,23578,170166.5,"201,628",14030
"SOUTH CAROLINA",2011,4679230,4476.1,571.9,6.8,34.5,92.2,438.4,3904.2,1002.8,2609.4,292,22914,174127.9,"229,419",15689
"SOUTH CAROLINA",2012,4723723,4381,558.8,6.9,35.5,95,421.4,3822.2,954.5,2588.3,279.5,22388,175374.8,"308,408",15135
"SOUTH CAROLINA",2015,4896146,3797.8,504.5,8.1,81.8,80.3,369.1,3293.3,705.7,2322.7,264.9,20929,189899.8,"326,997",15943
"SOUTH CAROLINA",2016,4961119,3745.6,501.8,7.4,82.6,81.3,365,3243.8,664.7,2298.5,280.6,20858,195459.6,"402,978",11736
"SOUTH CAROLINA",2017,5024369,3702.1,506.2,7.8,49.8,77,371.5,3195.9,623.1,2289.1,283.8,19906,201872.6,"396,920",11876
"SOUTH CAROLINA",2018,5084127,3505.9,488.3,7.7,47.9,69.9,362.8,3017.6,579.7,2156,281.9,19033,207202.6,"280,749",15215
"SOUTH CAROLINA",2013,4774839,4132.7,508.5,6.2,77.3,83.2,373.6,3624.2,857.8,2502.9,263.5,22060,178940.4,"335,695",15050
"SOUTH CAROLINA",2014,4832482,3958,497.7,6.4,73.4,82.7,365.8,3460.3,759.9,2433.4,267,21401,183561.9,"289,764",12732
"SOUTH DAKOTA",2008,804194,1847,201.4,3.2,53.7,14.9,129.6,1645.6,302.2,1244,99.5,NA,39643.2,"62,489",2273
"SOUTH DAKOTA",2009,812383,1905,185.6,2.6,54.8,13.7,114.6,1719.4,305.2,1314.2,100.1,3434,39731.9,"63,748",2336
"SOUTH DAKOTA",2010,814180,2120.9,268.5,2.8,47.9,18.9,198.9,1852.4,390.7,1364.1,97.6,3434,40129.8,"63,151",2411
"SOUTH DAKOTA",2011,824082,2071.8,254.1,2.5,60.2,20.3,171.1,1817.7,351.8,1351.1,114.8,3535,42793.5,"69,654",2833
"SOUTH DAKOTA",2012,833354,2381.9,321.8,3,70.2,19,229.7,2060.1,391,1541.4,127.8,3650,43444.6,"88,447",2820
"SOUTH DAKOTA",2015,858469,2326.1,383.1,3.7,109.1,25.2,296.6,1943,344.8,1459.8,138.4,3564,45442.6,"100,268",2598
"SOUTH DAKOTA",2017,869666,2309.8,433.6,2.9,68.4,27.4,335,1876.2,311.3,1405.9,159,3970,45618.9,"98,573",2971
"SOUTH DAKOTA",2018,882235,2133.4,404.7,1.4,69.6,29.7,304,1728.7,291.4,1264.5,172.7,3948,46490.5,"90,693",3008
"SOUTH DAKOTA",2013,844877,2231.2,316.5,2.4,100.4,18.8,236.2,1914.7,399.1,1404.6,111,3651,43602.2,"92,055",2652
"SOUTH DAKOTA",2014,853175,2190.4,326.5,2.3,103.5,23.4,245.7,1863.9,330.3,1415.5,118,3608,44153,"83,659",2913
"TENNESSEE",2008,6214888,4765,722.4,6.6,33.2,173.8,508.9,4042.6,1046,2687.3,309.3,NA,272011.3,"282,819",25067
"TENNESSEE",2009,6296254,4421.8,667.7,7.3,31.7,153.2,475.5,3754.1,1010.9,2505.4,237.8,26965,263015.5,"408,991",25407
"TENNESSEE",2010,6346105,4271.2,613.3,5.6,33.7,131.8,442.2,3657.9,1012.2,2411.9,233.8,27451,266727.2,"411,024",25671
"TENNESSEE",2011,6403353,4204.1,608.2,5.8,31.6,126.2,444.5,3595.9,979.9,2396.8,219.2,28479,274803.6,"451,107",25784
"TENNESSEE",2012,6456243,4015,643.6,6,31.5,126.5,479.6,3371.4,870.2,2300.1,201,28411,283721.8,"524,122",26268
"TENNESSEE",2015,6600299,3548.3,612.1,6.2,70.3,113.2,452.2,2936.2,655.2,2086,195,28172,301587.2,"654,192",26722
"TENNESSEE",2016,6651194,3487,632.9,7.3,70.7,117.5,467.3,2854.1,606.1,2020.7,227.3,28203,308031.6,"714,774",22238
"TENNESSEE",2017,6715984,3592.1,651.5,7.8,43.7,117.1,482.9,2940.6,576.5,2088.3,275.8,28980,313837.2,"767,953",26765
"TENNESSEE",2018,6770010,3449.1,623.7,7.4,41.7,106.2,468.5,2825.4,489.4,2034.1,301.9,26321,323674.9,"694,101",27737
"TENNESSEE",2013,6495978,3771.5,590.6,5,61.5,112.5,436.9,3180.9,785.1,2213.7,182.1,28521,286801.4,"600,869",26564
"TENNESSEE",2014,6549352,3669,608.4,5.7,67,110.9,453.2,3060.6,712.2,2156,192.4,28769,291687.6,"533,394",26709
"TEXAS",2008,24326974,4493.5,507.9,5.6,32.9,155.2,314.1,3985.6,946,2688.8,350.8,NA,1275773.6,"944,568",87479
"TEXAS",2009,24782302,4506.4,490.9,5.4,33.4,153.5,298.7,4015.5,969.4,2737.2,308.9,171249,1271435.8,"1,014,015",89867
"TEXAS",2010,25145561,4233.3,450.3,5,30.3,130.6,284.4,3783,909.1,2603.3,270.5,173649,1301726.7,"968,071",89897
"TEXAS",2011,25674681,3880.8,408.5,4.4,29,110.6,264.5,3472.3,838.3,2387.3,246.7,172224,1343790.9,"1,155,387",89839
"TEXAS",2012,26059203,3770.4,408.6,4.4,29.6,116.6,258,3361.8,785.9,2326.4,249.4,166372,1411378.7,"1,436,132",72877
"TEXAS",2015,27469114,3243.5,412.2,4.8,77.1,116.3,246.6,2831.3,557.2,2028.5,245.7,163909,1596361.9,"1,574,266",71811
"TEXAS",2016,27862596,3194.2,434.4,5.3,83.4,119.6,261.6,2759.8,533.8,1978.1,247.8,163703,1600260.2,"1,721,726",88896
"TEXAS",2017,28304596,3001.5,438.9,5,51.1,114,268.8,2562.6,473.7,1848.5,240.4,162523,1646264.3,"1,549,434",70987
"TEXAS",2018,28701845,2778.1,410.9,4.6,51.2,98.4,256.6,2367.2,410.8,1713.1,243.2,163628,1712764,"1,571,632",70186
"TEXAS",2014,26956958,3425.3,405.9,4.4,72.9,115.7,243.6,3019.4,627.8,2137.3,254.3,166043,1523057.2,"1,465,992",60056
"TEXAS",2013,26448193,3666.5,408.3,4.3,65.3,120.2,246.9,3258.2,721.8,2287.8,248.6,168280,1472103.5,"1,633,278",78457
"UTAH",2008,2736424,3579.2,221.8,1.4,32.6,51.9,135.8,3357.4,536.5,2557.9,262.9,NA,123483.3,"181,592",7719
"UTAH",2010,2763885,3392.3,212.7,1.9,34.3,45.9,130.6,3179.6,543.3,2421,215.2,6807,123330.1,"553,134",6987
"UTAH",2009,2784572,3488.1,212.7,1.3,32.5,46.6,132.3,3275.4,544.4,2483,247.9,6538,120791.6,"256,136",7830
"UTAH",2011,2817222,3168.1,195,1.9,30.3,38.4,124.4,2973.1,465.8,2287.8,219.5,6879,127060,"1,020,789",6965
"UTAH",2012,2855287,3197.6,205.8,1.8,33,38.5,132.5,2991.8,453.3,2328.4,210.1,6962,128721,"230,999",7042
"UTAH",2016,3051217,3194.3,242.8,2.4,86.4,50.5,140.1,2951.5,420.7,2223.2,307.7,6175,147414,"294,907",6832
"UTAH",2017,3101833,3019.1,238.9,2.4,54.7,47.3,134.5,2780.2,381,2092.1,307.2,6443,153129.1,"270,477",7196
"UTAH",2018,3161105,2610.6,233.1,1.9,55.5,39.1,136.6,2377.5,315.3,1817.7,244.5,6648,158799.7,"295,858",7235
"UTAH",2013,2900872,3174.4,224,1.7,83.3,42.8,130.4,2950.4,459.6,2233.4,257.3,7075,131901.8,"324,604",4776
"UTAH",2014,2942902,3094.1,215.6,2.3,81.5,44.6,119.4,2878.5,391.4,2239.1,248,7031,136081.5,"263,812",7018
"UTAH",2015,2995919,3216,236,1.8,91.5,44.3,135.1,2980,416.2,2273.2,290.6,6492,141703.3,"254,814",7157
"VERMONT",2008,621270,2674.4,135.9,2.7,20.4,14.3,98.3,2538.5,557.2,1887.1,94.2,NA,27437.2,"21,991",1299
"VERMONT",2009,621760,2532.8,131.4,1.1,19.9,17.9,92.5,2401.4,555.2,1774.2,72.1,2220,26996.6,"23,085",1419
"VERMONT",2017,623657,1602.5,165.8,2.2,35,14.8,113.8,1436.7,297.3,1108.3,31.1,1546,29406.6,"37,610",1506
"VERMONT",2016,624594,1855.7,158.3,2.2,48.4,17,110.6,1697.4,336.7,1315.6,45.1,1735,29362.9,"39,417",1612
"VERMONT",2010,625741,2412.5,130.2,1.1,21.1,11.8,96.2,2282.3,537.9,1673.9,70.5,2079,28111,"24,276",1516
"VERMONT",2012,626011,2541.3,142.6,1.3,19.3,17.9,104.2,2398.7,633.4,1695.8,69.5,2034,28887.4,"34,507",1677
"VERMONT",2015,626042,1524.6,118,1.6,41,16.1,78.6,1406.6,314.4,1063.8,28.4,1750,28906.5,"34,588",1448
"VERMONT",2018,626299,1455.1,172,1.6,45.8,11.2,113.4,1283.1,234.2,1008.5,40.4,1659,29750.3,"41,550",1815
"VERMONT",2011,626431,2444.2,135.2,1.3,19,13.6,101.4,2309,581.5,1647.7,79.7,2053,28733.3,"27,292",1503
"VERMONT",2014,626562,1623.7,99.3,1.6,33.4,11.2,68.9,1524.4,324.6,1160.8,38.9,1979,28521.8,"31,502",1489
"VERMONT",2013,626630,2335.3,121.1,1.6,35.2,11.6,87.1,2214.2,528.7,1632.2,53.3,2078,28498.6,"36,135",1575
"VIRGINIA",2008,7769089,2774,255.9,4.7,22.6,95.7,132.8,2518.1,411.8,1935.6,170.7,NA,425803.5,"278,974",23748
"VIRGINIA",2009,7882590,2655.6,226.8,4.4,19.2,79.4,123.9,2428.8,400.6,1883.4,144.9,38059,425583.3,"296,463",23395
"VIRGINIA",2010,8001024,2540.8,213.6,4.6,19.1,70.7,119.1,2327.2,382.8,1812.5,131.8,37638,437267.8,"320,783",23390
"VIRGINIA",2011,8096604,2446.3,196.7,3.7,19,67.1,106.9,2249.6,377.9,1751.6,120.1,38130,441608.8,"331,468",23443
"VIRGINIA",2012,8185867,2352.2,190.1,3.8,17.7,57.5,111.1,2162.1,360.5,1690.7,110.9,37044,444950,"448,754",23625
"VIRGINIA",2015,8382993,2062.1,195.6,4.6,45.7,53,110.2,1866.5,254.6,1515.2,96.8,38403,454952.9,"462,997",23934
"VIRGINIA",2016,8411808,2077,217.6,5.8,55.9,57.1,122.2,1859.4,238,1505.1,116.4,37813,456676.4,"528,369",17248
"VIRGINIA",2017,8470020,2001.1,208.2,5.3,33.8,51.1,117.9,1792.9,218,1454.7,120.1,37158,464792.9,"520,827",24025
"VIRGINIA",2018,8517685,1865.8,200,4.6,34.3,42.3,118.7,1665.8,182.8,1356.4,126.5,36660,477005.7,"476,760",24272
"VIRGINIA",2013,8260405,2262.1,196.2,3.8,46.5,55.3,109.7,2065.9,322.5,1640.1,103.3,36982,446559.7,"498,426",23766
"VIRGINIA",2014,8326289,2126.5,196.2,4.1,44.9,51.5,112.9,1930.3,277.7,1560.5,92.1,37544,445869.2,"419,764",23868
"WASHINGTON",2008,6549224,4089.6,331.2,2.9,40.1,96.9,191.2,3758.4,801.3,2524.6,432.6,NA,382380.5,"316,589",14980
"WASHINGTON",2009,6664195,3997.9,331,2.7,38.1,100.5,189.7,3666.9,792.2,2519.4,355.3,18233,372728.4,"336,732",14862
"WASHINGTON",2010,6724540,4020.4,313.8,2.3,38.1,88.2,185.3,3706.6,820.3,2503.7,382.6,18235,381253.4,"335,342",14555
"WASHINGTON",2011,6830038,3869.2,294.6,2.4,33.5,82.5,176.1,3574.6,827.7,2383.3,363.6,17847,387832.4,"394,410",14315
"WASHINGTON",2012,6897012,3954.2,295.6,3,31.8,83.3,177.5,3658.6,880.5,2395.3,382.8,17271,400863.3,"519,209",14212
"WASHINGTON",2017,7405743,3478.1,304.5,3.1,44,72.8,184.6,3173.6,590.4,2194.4,388.8,19656,483773.4,"579,678",15385
"WASHINGTON",2018,7535591,3257.7,311.5,3.1,45.3,73.9,189.1,2946.2,533.5,2045.4,367.3,19523,511672.4,"627,301",15873
"WASHINGTON",2014,7061530,3991.3,285.2,2.5,68.9,79.9,164.7,3706.1,783,2489.1,434,18120,425762.5,"482,115",14566
"WASHINGTON",2013,6971406,3999.4,289.1,2.3,62.7,83.5,166.4,3710.3,837,2465.9,407.4,17984,411140.6,"561,122",14609
"WASHINGTON",2015,7170351,3748.2,284.4,2.9,68.3,76,167.8,3463.8,711.2,2378,374.7,18284,444318.5,"502,280",14600
"WASHINGTON",2016,7288000,3796.3,302.2,2.7,73.2,77.5,179.7,3494.1,674.8,2376.3,443,19104,459754.3,"713,996",17176
"WEST VIRGINIA",2018,1805832,1775.5,289.9,3.7,36.1,31.7,218.5,1485.6,296.5,1049.6,139.5,6775,71481.4,"241,678",4538
"WEST VIRGINIA",2008,1814468,2842.4,273.8,3.3,20,49,201.5,2568.6,609.9,1782.2,176.6,NA,67888.3,"147,689",NA
"WEST VIRGINIA",2017,1815857,2202.7,350.7,4.7,43.8,28.9,273.4,1852,420.1,1266.6,165.3,7092,69903.9,"222,768",4689
"WEST VIRGINIA",2009,1819777,2823.2,296.5,4.6,23.8,50.4,217.7,2526.7,656.7,1719.4,150.6,6367,67564.9,"156,831",4460
"WEST VIRGINIA",2016,1831102,2405.3,358.1,4.4,61.5,39.3,278.5,2047.2,507.9,1402.3,137,7162,68901.2,"242,350",3328
"WEST VIRGINIA",2015,1844128,2357.9,337.9,3.8,59.2,41.2,256.4,2020,497.3,1401.3,121.4,7118,69761.1,"249,014",4708
"WEST VIRGINIA",2010,1852994,2554.2,314.6,3.3,19.1,44.7,247.5,2239.6,580.5,1531.7,127.4,6681,68443.6,"159,550",4415
"WEST VIRGINIA",2011,1855364,2589.8,315.9,4.3,20.9,49,241.6,2273.9,603.2,1549.2,121.5,6826,69658,"185,491",4417
"WEST VIRGINIA",2012,1855413,2681.2,316.3,3.9,22.7,45.2,244.6,2364.9,608.5,1637.3,119.1,7070,69399,"225,580",4475
"WEST VIRGINIA",2014,1850326,2336.7,302,4,42.7,35.2,235.5,2034.7,484.9,1447.3,102.5,6896,69874.1,"221,847",NA
"WEST VIRGINIA",2013,1854304,2404.2,300.3,3.3,59.8,35.1,226.7,2103.9,521.7,1478.9,103.3,6824,70158.7,"248,952",4496
"WISCONSIN",2008,5627967,3030.4,274,2.6,19.9,91.1,160.4,2756.4,488.3,2063.4,204.7,NA,264632.1,"186,819",18648
"WISCONSIN",2009,5654774,2865.2,257,2.5,19.6,85.8,149.1,2608.2,472.9,1977.4,157.8,23165,257142.6,"196,951",19156
"WISCONSIN",2010,5686986,2756.4,248.7,2.7,20.9,79.2,145.9,2507.7,467.1,1897.5,143.1,22729,264841.1,"194,797",19423
"WISCONSIN",2011,5711767,2669.6,236.9,2.4,20.4,78.2,135.9,2432.7,466.7,1821.9,144.1,22654,270372.5,"322,761",18968
"WISCONSIN",2012,5726398,2734.3,280.5,3,21.3,80.7,175.5,2453.8,488,1822.3,143.5,22600,274343.9,"469,375",18638
"WISCONSIN",2017,5795483,2128.2,319.9,3.2,36.9,75,204.8,1808.3,303.7,1341.3,163.4,23945,294657.1,"526,523",18406
"WISCONSIN",2018,5813568,1855.3,295.4,3,38.7,60,193.7,1559.9,242.5,1168.9,148.5,24064,301622.7,"452,520",18013
"WISCONSIN",2014,5757564,2378.6,290.3,2.9,49.4,88,170.4,2088.3,368.5,1547.6,172.3,22597,282078.9,"334,308",18244
"WISCONSIN",2013,5742713,2466.6,277.9,2.8,52,84.2,161.6,2188.7,424,1636,128.6,22471,276189.5,"434,688",17989
"WISCONSIN",2015,5771337,2279.8,305.8,4.2,52,90.7,180.1,1974,338.8,1444.8,190.3,22975,287164.3,"383,280",18474
"WISCONSIN",2016,5778708,2239.2,305.9,4,59.4,81.4,186.3,1933.3,336.1,1424.8,172.3,23377,290750.2,"561,819",18784
"WYOMING",2008,532668,2949.3,232,1.9,33.8,16.1,180.2,2717.3,410,2173.4,133.9,NA,42632.5,"49,255",2029
"WYOMING",2009,544270,2865.5,228.2,2.4,33.8,14.1,177.9,2637.3,409.7,2085.9,141.7,2075,41385.4,"51,395",2072
"WYOMING",2010,563626,2657.5,195.9,1.4,29.1,13.5,151.9,2461.6,381.3,1975.4,104.9,2112,39801.4,"47,709",1962
"WYOMING",2011,568158,2485.7,219.3,3.2,25.7,12.5,177.9,2266.4,327.9,1846.8,91.7,2183,39395.5,"52,224",2207
"WYOMING",2012,576412,2495.2,201.4,2.4,26.7,10.6,161.7,2293.8,368.7,1823.9,101.3,2204,38431.7,"63,356",2074
"WYOMING",2018,577737,1997.3,212.2,2.3,42.1,17.3,150.6,1785.1,264,1375.9,145.2,2543,38040,"60,150",2323
"WYOMING",2017,579315,2067.9,237.5,2.6,45.4,13.1,176.4,1830.4,275,1421,134.5,2473,37997.1,"54,711",2025
"WYOMING",2013,582658,2403.5,205.1,2.9,56.8,12.9,157.2,2198.4,335.5,1763.6,99.2,2310,38503.9,"70,671",2291
"WYOMING",2016,585501,2201.5,244.2,3.4,60.6,10.1,195.7,1957.3,302.5,1518.2,136.6,2374,38052.9,"63,594",1872
"WYOMING",2015,586107,2124.7,222.1,2.7,50.8,10.1,179.8,1902.6,300.6,1500.9,101,2424,39723,"62,339",1897
"WYOMING",2014,584153,2160.2,195.5,2.7,51.4,9.1,153.9,1964.7,289.1,1572.4,103.2,2383,38717.6,"63,063",1956
"ILLINOIS",2008,12901563,3458,525.4,6.1,31.9,186.4,300.9,2932.6,612.1,2068.1,252.5,NA,699429.5,"615,941",52561
"ILLINOIS",2009,12910409,3234.1,497.2,6,30.2,177.6,283.4,2736.9,603,1927.3,206.6,45161,682965.6,"752,071",50833
"NEW MEXICO",2016,2081015,4639.6,702.5,6.7,127,131.5,491,3937.1,830.4,2542.4,564.3,7055,91268.3,"161,216",4252
"NORTH CAROLINA",2016,10146788,3109.7,372.2,6.7,48.7,92,245.5,2737.5,710.4,1876.2,150.8,35697,475339,"601,445",29810
"OKLAHOMA",2016,3923561,3432.7,449.8,6.2,90.5,80.6,311,2982.9,741.7,1931.4,309.8,29916,190109.7,"364,590",13614
"SOUTH DAKOTA",2016,865454,2399,418.4,3.1,102.6,31.4,325,1980.6,346.6,1460.4,173.6,3831,45685.5,"111,921",1956
