State,Population,Violentcrime,Murder.andnonnegligentmanslaughter,Forciblerape,Robbery,Aggravatedassault,Propertycrime,Burglary,Larceny.theft,Motorvehicletheft,Year,Prison_population,GDP,Gun_number,Police_number
ALABAMA,3800629,162.7888436,8.209167483,10.10359075,30.9685581,113.5075273,486.2089933,79.03954845,381.3842393,23.15406213,2016,28883,190703,"616,947",81
ALABAMA,4779736,377.8,5.7,28.2,99.6,244.2,3516.8,879.4,2415.6,221.8,2010,31764,182262.7,"308,607",16205
ALABAMA,4822023,449.9,7.1,26.9,104.1,311.8,3502.2,984.7,2312.8,204.8,2012,32431,186299,"431,356",12745
ALABAMA,4858979,472.4,7.2,72,94.9,328.3,2978.9,725.6,2040.7,212.7,2015,30810,189339.1,"737,509",13079
ALABAMA,4874747,524.2,8.3,41.6,86.5,387.8,2957.3,645.7,2048.1,263.4,2017,27608,193023.9,"477,345",8065
ALABAMA,4887871,519.6,7.8,40.8,83.4,387.6,2817.2,590.1,1958.9,268.3,2018,26841,198435.9,"474,294",15855
ALASKA,666481,318.2386295,3.300919306,8.102256478,41.26149133,265.5739623,616.3716595,68.56909649,500.689442,40.21119882,2008,NA,50884,"61,729",1963
ALASKA,682496,314.2875563,3.223462116,11.2821174,41.46544449,258.3165323,576.8531977,57.14319205,474.141973,39.41415041,2009,5285,55837.6,"60,780",1977
ALASKA,710231,638.8,4.4,75,83.6,475.8,2852.5,437.2,2187.3,228,2010,5391,54151.4,"65,909",1944
ALASKA,722718,606.5,4,58.1,79.7,464.6,2632.8,391,2056,185.8,2011,5412,54645.7,"70,198",1990
ALASKA,731449,603.2,4.1,79.7,86.1,433.2,2739.4,403.3,2128,208.1,2012,5633,57670.1,"85,342",1968
ALASKA,737438,885,6.4,161.6,121.5,595.4,3300.5,539.6,2219,541.9,2018,4380,53092.4,"78,761",1985
ALASKA,738432,730.2,8,210,103.1,497.1,2817.6,475.5,2065.1,277.1,2015,5338,53798.7,"85,621",9
ALASKA,738566,311.1434862,5.551298056,17.60167676,38.18209882,249.8084125,473.2143099,72.8438623,325.0894301,68.37574435,2016,4434,52710.7,"87,647",709
ALASKA,739795,829,8.4,116.7,128.5,575.4,3542.1,563.8,2402.7,575.6,2017,4399,52727.4,"80,839",1933
ARIZONA,6391343,174.3764965,3.786371659,5.382280375,28.92975702,136.2780874,588.1705926,61.91187048,499.222151,24.26720018,2016,42320,289230.4,"416,279",2766
ARIZONA,6392017,408.1,6.4,33.9,108.5,259.3,3534,794.3,2403.2,336.5,2010,40209,257484.7,"206,050",22130
ARIZONA,6414715,143.8255636,4.832638706,2.883994067,31.86423715,104.2446936,653.2480399,79.2864531,529.4545432,40.42268441,2008,NA,277477.1,"208,721",22912
ARIZONA,6482505,405.9,6.2,34.9,109.9,254.8,3554.5,847.3,2401.3,305.9,2011,40020,263211.1,"251,477",20759
ARIZONA,6505613,143.9372431,3.105011011,3.473923211,34.03215039,103.3261585,678.1221078,69.89349044,575.3493176,29.37463387,2009,40544,255080.7,"215,379",22910
ARIZONA,6553255,428.9,5.5,34.7,112.7,276,3539.2,807.8,2439.1,292.3,2012,40080,268288.8,"339,663",22999
ARIZONA,6828065,410.2,4.5,79.1,93.1,267.1,3033.2,555.9,2231.5,245.8,2015,42719,280229.5,"331,442",22653
ARIZONA,7016270,508,5.9,51,106,345,2914.9,536.3,2107,271.6,2017,42030,299405.7,"384,930",22750
ARIZONA,7171646,474.9,5.1,50.7,91,328.1,2676.8,439.7,1970.3,266.9,2018,42005,311705.6,"377,838",22428
ARKANSAS,2403738,197.5672889,4.909020867,8.07076312,25.9179661,158.6695389,642.2080942,124.4728003,497.8495992,17.34798052,2008,NA,105791,"191,799",9678
ARKANSAS,2470159,161.4470971,4.574604307,9.715973749,25.58539754,121.5711215,639.0276901,112.0170807,509.5623399,14.3715445,2009,15208,102528.1,"209,842",9970
ARKANSAS,2786173,174.4328152,5.132488184,10.37265094,20.13514595,138.7925301,494.9800317,78.028177,397.8216715,17.51506457,2016,17537,114541.2,"266,014",36
ARKANSAS,2915918,505.3,4.7,45,81.3,374.3,3558.9,1114.9,2253.8,190.1,2010,16204,105922.5,"191,448",9964
ARKANSAS,2937979,480.9,5.5,41.3,82.6,351.5,3754.1,1173.3,2383,197.8,2011,16108,108295.4,"206,228",9074
ARKANSAS,2949131,469.1,5.9,42.3,78.7,342.3,3660.1,1081.3,2384.7,194.1,2012,14654,108745.2,"246,193",9148
ARKANSAS,2978204,521.3,6.1,108.5,70.4,380,3251.5,760.2,2297.5,193.8,2015,17707,113860.9,"257,346",9352
ARKANSAS,3004279,554.9,8.6,68.3,64.4,413.6,3078.6,727.7,2109.5,241.4,2017,18070,115346.7,"237,629",9531
ARKANSAS,3013825,543.6,7.2,72.9,52.9,410.7,2913,636.8,2040.2,236,2018,17799,117293.8,"248,439",10628
CALIFORNIA,37253956,440.6,4.9,22.4,156,257.4,2635.8,614.3,1612.1,409.4,2010,165062,2058137.9,"816,399",118884
CALIFORNIA,37691912,411.1,4.8,20.3,144,242,2583.8,610.4,1583.8,389.6,2011,149569,2091586,"905,701",116797
CALIFORNIA,38041430,423.1,5,20.6,148.6,248.9,2758.7,646.1,1669.5,443.2,2012,134534,2144497.3,"1,132,603",117268
CALIFORNIA,38332521,402.1,4.6,44.8,139.9,232.3,2658.1,605.4,1621.5,431.2,2013,135981,2220867.6,"1,368,295",117322
CALIFORNIA,39012007,273.8336431,3.683481345,6.562082284,40.66953028,222.9185492,295.688453,104.6036929,140.2645088,47.47512734,2016,130084,2500950.4,"2,377,167",12595
CALIFORNIA,39144818,426.3,4.8,56.7,135,253.8,2618.3,504.3,1677.1,436.8,2015,129593,2428598.4,"1,761,079",118407
CALIFORNIA,39536653,449.3,4.6,37.2,143.2,264.2,2496.7,446.9,1623.9,425.9,2017,131039,2610682.3,"1,570,110",119684
CALIFORNIA,39557045,447.4,4.4,39.2,137.3,266.5,2380.4,416.2,1571.8,392.4,2018,128625,2721651,"1,297,132",120041
COLORADO,4359586,142.3988425,3.55538347,10.39089492,21.24054899,107.2120151,583.8398417,68.65330791,480.229086,29.77346932,2008,NA,267713.2,"285,521",16859
COLORADO,4524405,143.002229,3.668990729,9.305090946,24.04736092,105.9807864,570.815389,61.70977178,477.167716,26.92066692,2009,22795,262379.8,"313,641",17435
COLORADO,5008754,133.5861174,2.99475678,8.265528712,18.78710753,103.5387244,596.5355855,51.33013121,489.0437821,51.60964184,2016,19981,316751.8,"540,514",1538
COLORADO,5029196,320.8,2.4,43.7,62.3,212.4,2684.2,520,1940.5,223.6,2010,22815,264791.1,"300,820",17071
COLORADO,5116796,320.2,2.9,44.5,64.6,208.1,2606.3,503.6,1886.8,215.9,2011,21978,268680.8,"336,296",16700
COLORADO,5187582,308.9,3.1,40.7,65.4,199.6,2684.7,504.2,1947.4,233.1,2012,20462,273519.5,"414,838",17270
COLORADO,5456574,321,3.2,103.3,60.9,197.2,2641.5,429.8,1918.5,293.2,2015,20168,309179.6,"454,062",17940
COLORADO,5607154,368.1,3.9,68.8,68.4,226.9,2701.6,406.9,1904.9,389.9,2017,19946,329573.7,"496,995",16900
COLORADO,5695564,397.2,3.7,71.5,66.7,255.4,2671.6,375.2,1915.9,380.5,2018,20372,341076.7,"524,770",18510
CONNECTICUT,3226747,183.9003802,3.409006036,7.561795207,38.58375014,134.3458288,531.2161133,88.20028344,417.3243207,22.03457538,2008,NA,259721.9,"155,885",10657
CONNECTICUT,3518288,195.0096183,3.353903944,7.020459951,41.86695347,142.7683009,541.2291433,83.50652363,436.3201648,18.58858627,2009,19716,248040.6,"202,454",10556
CONNECTICUT,3526707,106.0762916,1.758013921,6.294824038,28.80874425,69.21470936,420.9309137,54.86704736,339.438462,23.87496324,2016,14957,242793.9,"317,692",1501
CONNECTICUT,3572665,207.4,2.3,23.5,61.4,120.2,1681,222.5,1251.8,206.7,2018,13681,244925.7,"177,690",9283
CONNECTICUT,3574097,281.4,3.6,16.3,99.4,162,2193.2,424.5,1581,187.7,2010,19321,247460.8,"179,595",10476
CONNECTICUT,3580709,272.8,3.6,19.2,102.7,147.3,2167.4,437.9,1542.1,187.4,2011,18324,242019.5,"186,068",10254
CONNECTICUT,3588184,228,2.8,23.3,78.4,123.4,1769.9,247.8,1318.5,203.7,2017,14040,243682.5,"181,779",9380
CONNECTICUT,3590347,283,4.1,25.6,102.7,150.6,2140,409.7,1550.7,179.6,2012,17530,243801,"237,496",10271
CONNECTICUT,3590886,218.5,3.3,37.7,80.5,113.1,1812,280,1355.5,176.5,2015,15816,242910.7,"307,750",9696
DELAWARE,873092,336.9633441,3.665134946,15.80589445,81.66378801,235.8285267,772.6562607,126.2180847,618.8351285,19.58556487,2008,NA,58656.4,"18,102",3159
DELAWARE,884338,319.9003096,3.505447012,11.87328827,80.96451809,223.5570562,842.2119144,137.3909071,683.4490885,14.70026166,2009,6775,60404.2,"20,530",3127
DELAWARE,897934,620.9,5.3,34.7,203.7,377.1,3448.2,836.9,2396.5,214.8,2010,6615,60016.1,"19,240",3170
DELAWARE,907135,559.5,4.5,31.9,169.5,353.5,3410.6,830.2,2411.8,168.7,2011,6739,62017.4,"22,490",3139
DELAWARE,917092,547.4,6.2,26.5,162.7,352,3340.9,803.7,2380.6,156.6,2012,6914,61975.8,"30,724",3151
DELAWARE,945934,499,6.7,61.7,130.6,325.7,2691,504.6,2061.6,124.9,2015,6654,65876.1,"50,416",3303
DELAWARE,950787,233.911486,3.050104808,6.100209616,55.32259065,169.4385809,753.5862396,110.7503573,627.2698302,12.8314754,2016,6585,63108.7,"59,430",1755
DELAWARE,961939,453.4,5.6,34.7,112.5,300.5,2440.6,412.7,1885.6,142.3,2017,6443,62740.1,"50,639",3443
DELAWARE,967171,423.6,5,34.9,89.5,294.2,2324.4,326.5,1845.3,152.6,2018,6067,62764.7,"47,723",3305
DISTRICT OF COLUMBIA,601723,1330.2,21.9,31.1,718.8,558.4,4778.9,703.1,3238.9,836.9,2010,NA,109964.1,349,4477
DISTRICT OF COLUMBIA,632323,1243.7,13.9,37.3,638.3,554.1,4860.8,556.5,3725.3,579,2012,NA,112736.5,449,4976
FLORIDA,18801310,542.4,5.2,28.6,138.7,369.8,3558.4,899.5,2438.4,220.5,2010,104306,766199.2,"559,347",72390
FLORIDA,19057542,515.3,5.2,27.7,134.4,348,3522,892.9,2421.1,207.9,2011,103055,763745.9,"643,229",71906
FLORIDA,19317568,487.1,5.2,27.2,123.7,330.9,3276.7,794.9,2288.6,193.2,2012,101930,769309.1,"834,319",65683
FLORIDA,20271272,461.9,5.1,64.1,104.3,315.2,2813.2,539,2073.6,200.6,2015,101424,839124.3,"1,147,082",58280
FLORIDA,20984400,408,5,37.8,88.6,276.5,2512.4,423.4,1884.5,204.5,2017,98504,896117,"1,276,549",72088
FLORIDA,21299325,384.9,5.2,39.6,79.3,260.8,2281.8,337.7,1750.8,193.3,2018,97538,924873.3,"1,203,145",68605
GEORGIA,5995191,191.6369303,5.337611429,5.220851179,49.33954565,131.7389221,623.8666958,110.9889576,474.8305767,34.87795468,2008,NA,443416,"367,374",33209
GEORGIA,6766841,192.3201683,6.354516088,5.009723149,46.09240856,134.8635205,679.2682139,121.0165866,522.4298901,32.21591877,2009,56986,426263.8,"373,237",34809
GEORGIA,8150300,136.2526533,4.944603266,3.361839441,24.75982479,103.1863858,399.6540005,55.28630848,326.380624,16.29387875,2016,53627,498266.8,"612,985",1516
GEORGIA,9687653,403.3,5.8,21.6,127.7,248.2,3640.5,998.4,2329.3,312.8,2010,56432,433027.3,"333,247",32780
GEORGIA,9815210,373.2,5.6,20.9,123.8,222.9,3626.5,974.6,2351.7,300.3,2011,55944,439890.5,"367,894",34432
GEORGIA,9919945,378.9,5.9,21.4,125.6,226,3410.6,874.9,2248,287.7,2012,55457,444132.2,"465,560",34769
GEORGIA,9992167,365.7,5.6,45.7,125,209.3,3346.6,823.2,2254.9,268.5,2013,54004,450771.8,"527,885",29070
GEORGIA,10429379,357.2,6.7,26.1,96.3,228.1,2860.2,530.9,2077.4,251.8,2017,53667,516593.9,"541,655",32001
GEORGIA,10519475,326.6,6.1,25.2,78.7,216.6,2573.7,431.3,1907,235.4,2018,53647,528998.9,"549,532",36833
HAWAII,1145204,115.1759861,1.571772365,8.906710071,34.31702998,70.3804737,394.9514672,52.47973287,302.7408217,37.02397127,2008,NA,71689.3,"8,569",3795
HAWAII,1150076,121.2093809,1.391212407,10.43409305,35.30201482,74.08206066,463.0998299,45.91000943,371.8884665,42.43197841,2009,5891,69094.8,"10,511",3802
HAWAII,1360301,262.7,1.8,26.8,77.5,156.7,3314.2,636.8,2302.4,374.9,2010,5912,71006.5,"10,533",3725
HAWAII,1374810,287.2,1.2,31.6,75.8,178.6,3337.8,728,2305.6,304.3,2011,6037,72080.2,"12,635",3733
HAWAII,1392313,239.2,2.1,20.5,74.7,141.9,3075.2,573.1,2243.2,258.9,2012,5831,73582.7,"17,428",3720
HAWAII,1404054,251.6,1.5,48.5,80.6,142.2,3053.7,536.5,2254.8,262.4,2013,5632,74277.5,"17,416",3658
HAWAII,1420491,248.6,2.5,44,66.6,135.5,2870.3,396.4,2076.2,397.7,2018,5375,82651.9,"14,088",3624
HAWAII,1427538,250.6,2.7,39.7,75.4,132.7,2829.5,388.7,2071.7,369.1,2017,5630,80715.8,"12,742",3729
HAWAII,1428557,93.8709481,2.450024745,10.78010888,20.58020786,60.06060661,309.8231292,44.52044966,235.5523791,27.23027503,2016,5602,78905.1,"16,681",NA
HAWAII,1431603,293.4,1.3,67.1,84,168.9,3796.2,458,2934.5,403.7,2015,5879,77185.4,"15,290",3765
IDAHO,1324720,96.54870463,1.736215955,7.473277372,5.963524367,81.37568694,374.0413068,60.99402138,295.0812247,14.79557944,2016,8252,65535.3,"156,343",544
IDAHO,1435156,99.29234174,0.975503708,7.107241303,6.758847122,84.4507496,488.3789637,65.35874846,404.2766083,12.89058472,2008,NA,59703.9,"100,457",4461
IDAHO,1519531,103.1897342,1.052956471,7.699744197,8.028793095,86.40824044,481.5959661,67.58664351,396.0432528,12.70128744,2009,7400,57087.5,"99,243",4215
IDAHO,1567582,221,1.3,33.5,13.7,172.6,1995.8,414.8,1496.7,84.3,2010,7431,57906.7,"92,031",4341
IDAHO,1584985,200.9,2.3,27.4,11.6,159.6,2068.6,436.6,1547.9,84.1,2011,7739,57796.7,"106,616",4251
IDAHO,1595728,207.9,1.8,30,15.2,160.9,1983.5,450.3,1447.7,85.5,2012,7985,57764.4,"136,482",4265
IDAHO,1654930,215.6,1.9,74.1,11.6,160.1,1743.8,370,1260.7,113.1,2015,8052,63097.5,"136,946",4384
IDAHO,1716943,226.4,1.9,41.2,11.4,172,1635.4,329.4,1181.1,125,2017,8579,67818.2,"182,099",4506
IDAHO,1754208,227.1,2,45.1,11.4,168.6,1461.4,281.6,1067.8,112,2018,8664,70500.4,"207,320",5567
ILLINOIS,12830632,435.2,5.5,23.6,156.3,249.7,2681,587.6,1868.9,224.4,2010,48418,694961.1,"695,300",49849
INDIANA,4305899,170.0690146,3.715832629,4.482223108,30.77173896,131.0992199,463.4107767,51.27849028,371.9083982,37.73892514,2016,25546,316635.9,"1,436,725",1775
INDIANA,4658523,179.2628264,5.752896358,5.624100171,41.42944019,126.4563897,655.293534,96.06048956,512.2868343,42.28808144,2008,NA,298263.8,"219,900",15877
INDIANA,4679770,164.7516865,4.31645145,4.487400022,38.54890304,117.398932,632.4456116,90.11126615,507.5676796,30.83484872,2009,28808,277473.9,"273,803",16856
INDIANA,6483802,314.5,4.5,27.2,95.9,186.9,3042.4,726.7,2113.4,202.3,2010,28028,295133.2,"345,650",15577
INDIANA,6516922,331.8,4.8,27,107.1,193,3161.8,775.7,2158.8,227.3,2011,28906,296472,"359,840",15851
INDIANA,6537334,345.7,4.7,25.5,100.9,214.6,3029.2,728.3,2092,209,2012,28831,297552.7,"475,607",12032
INDIANA,6666818,399,6,39.4,99,254.6,2416.9,452.1,1733.8,231,2017,26024,322745.6,"830,357",9972
INDIANA,6691878,382.3,6.5,35.4,88.7,251.6,2179.3,377.6,1572.7,229.1,2018,26877,329298.8,"896,148",12513
IOWA,2756917,142.8407166,0.979354837,3.264516124,15.16186378,123.4349819,530.4838702,70.25964148,440.7459492,16.03240141,2009,8813,145618.3,"120,233",8057
IOWA,2765774,152.9409127,1.807812207,3.904874368,14.60712264,132.6211035,504.3796059,68.94995759,410.3372148,19.99440301,2008,NA,149131.9,"108,330",8031
IOWA,2810823,173.4723247,1.956722284,5.478822395,14.08840044,151.9483795,463.6720277,56.38917854,385.616597,18.67780362,2016,9031,168876.4,"202,277",845
IOWA,3046355,273.5,1.3,27.4,33.2,211.6,2242.5,546.8,1571.8,124,2010,9455,149535.6,"124,738",8085
IOWA,3062309,255.6,1.5,27.2,26.9,199.9,2330.3,568.2,1633.6,128.5,2011,9116,151247.9,"179,944",7573
IOWA,3074186,263.9,1.5,28.3,31.3,202.8,2271.8,556.1,1584.8,130.9,2012,8733,157250.8,"147,700",7375
IOWA,3123899,286.1,2.3,64.2,33.5,213.2,2047.3,476.7,1431.6,139,2015,8849,169375,"147,309",8025
IOWA,3145711,293.4,3.3,39.2,39.8,211,2125.3,479.3,1468.6,177.4,2017,9024,168434.5,"160,981",8160
KANSAS,1732223,112.4566525,2.886464387,7.273890255,11.83450399,90.46179389,282.8157806,33.4252576,225.5483272,20.95573145,2016,9920,149927.9,"196,548",1466
KANSAS,1813396,128.267626,2.536677041,8.271772961,15.55093317,101.9082429,392.9643608,49.74092807,322.1579842,17.42586837,2009,8641,133276.7,"142,984",10227
KANSAS,1895788,131.3965486,2.479180161,9.652978076,15.03332651,104.2310638,379.1035707,55.59693383,299.5060629,19.62244724,2008,NA,138657.9,"126,084",10284
KANSAS,2853118,369.1,3.5,38.8,54.1,272.7,3119.9,680.1,2229.2,210.6,2010,9051,134944.6,"144,156",10565
KANSAS,2871238,353.9,3.8,37.8,50.8,261.5,3080.1,654.4,2193.2,232.5,2011,9327,138562.6,"164,898",10058
KANSAS,2885905,354.6,2.9,36.5,52,263.2,3143.2,650.3,2258,234.9,2012,9682,140477.8,"210,972",9675
KANSAS,2911505,439,3.9,53.8,53,328.3,2633.9,430.6,1933.9,269.4,2018,10218,154582.7,"172,047",8992
KANSAS,2911641,389.9,4.4,98.5,62.4,267.6,2720.1,527.6,1953.5,238.9,2015,9857,146173.1,"185,859",8831
KANSAS,2913123,413,5.5,55.9,61.3,290.3,2800.9,478.2,2053.3,269.3,2017,9971,151465.7,"191,451",9613
KENTUCKY,660796,274.9713981,8.323294935,4.993976961,90.49691584,171.1572104,1013.928656,184.6258149,797.2203222,22.69989528,2008,NA,172150.8,"1,881,101",10188
KENTUCKY,2295577,154.0353471,6.185808622,8.53815838,45.95794434,93.35343576,676.9975479,118.2273563,538.6009705,15.1160253,2009,21638,165014.9,"2,189,578",10483
KENTUCKY,4339367,242.6,4.3,31.8,86.4,120.1,2551.3,698.5,1709.7,143.1,2010,20544,172044.7,"2,385,579",10104
KENTUCKY,4369356,238.2,3.5,33.5,84.5,116.7,2708.8,745,1811.1,152.7,2011,21545,174136,"2,280,832",9063
KENTUCKY,4380415,222.6,4.5,29,80.7,108.4,2552.9,675.4,1725.2,152.2,2012,22110,176302.3,"2,589,358",9728
KENTUCKY,4424357,78.81371237,4.181398563,5.334108437,25.35961723,43.93858814,411.7886509,67.67085025,322.8943776,20.02550879,2016,23022,182618.6,"3,676,847",1995
KENTUCKY,4425092,218.7,4.7,56.2,74.7,105.5,2177.6,503,1498.7,175.9,2015,21701,181323.1,"3,218,371",7730
KENTUCKY,4454189,225.8,5.9,37.3,66.4,116.2,2129.1,453.4,1445.7,230,2017,23543,184540.9,"4,641,480",9811
KENTUCKY,4468402,211.9,5.5,38.2,55,113.2,1962.6,384.7,1348.2,229.6,2018,23431,187215.5,"4,912,441",9588
LOUISIANA,2410236,410.4992208,7.551127773,9.293695721,41.65567189,351.9987254,927.6684939,152.4746954,739.0147687,30.20451109,2009,39780,238666.1,"247,084",15453
LOUISIANA,2471978,373.6279206,7.402978505,9.627917401,41.86930466,314.7277201,798.631703,155.3411883,599.1962712,37.2171597,2008,NA,235276.2,"248,355",22621
LOUISIANA,4183659,271.8194767,8.102954854,11.92735832,39.34355071,212.4456128,773.3660893,129.5994726,607.9845418,33.17670011,2016,35682,228252.5,"391,869",59
LOUISIANA,4533372,549,11.2,27.2,114.9,395.6,3647.5,1002.2,2427.1,218.2,2010,39445,247350.9,"239,204",18493
LOUISIANA,4574836,555.3,11.2,27.7,114.5,401.9,3688.5,1012.5,2476.6,199.4,2011,39710,234062.7,"264,552",20593
LOUISIANA,4601893,496.9,10.8,25.2,119,342,3540.6,915.7,2453.7,171.3,2012,40172,233623.1,"326,290",19364
LOUISIANA,4659978,537.5,11.4,44.7,98,383.4,3276,668.1,2360.4,247.6,2018,32397,237372.2,"307,192",18554
LOUISIANA,4670724,539.7,10.3,63.9,118.8,373.7,3353.4,759,2385.8,208.6,2015,36377,232457.6,"372,613",13245
LOUISIANA,4684333,557,12.4,39.9,114.4,390.3,3366.8,731.5,2401.3,234,2017,33739,231373.1,"329,201",20049
MAINE,1314189,55.92802862,0.608740448,5.478664028,14.00103029,35.83959385,633.4705282,102.8771356,500.6890181,25.11054346,2008,NA,53921,"56,561",2961
MAINE,1316989,54.06271427,1.442684791,6.302254613,14.73057102,31.58720384,620.5822524,103.4177203,492.1073752,18.98269462,2009,2206,53063.6,"60,955",2859
MAINE,1328188,123.2,2,29.6,27.8,63.8,2545.5,591.3,1873,81.2,2011,2145,53087.8,"73,127",2819
MAINE,1328361,122,1.8,29.3,31.2,59.8,2479.3,554,1850.8,74.5,2010,2154,53776.2,"65,988",2839
MAINE,1328762,58.24970913,1.204128354,4.59073935,10.46086508,41.99397635,426.5624694,51.25071307,354.0137361,15.50315256,2016,2404,54971,"111,582",468
MAINE,1329192,122.7,1.9,28,31.8,61,2509.9,561.3,1873.7,74.9,2012,2108,52874,"91,834",2826
MAINE,1335907,121,1.7,35.4,18.6,65.3,1507.1,249.6,1198.1,59.4,2017,2404,56189.3,"96,590",2900
MAINE,1338404,112.1,1.8,33.3,17,60,1357.8,202.7,1097.1,58.1,2018,2425,57450.4,"93,360",2932
MARYLAND,5197665,187.3341202,5.194640286,7.753481611,62.00861348,112.3773848,494.7413887,91.90665424,367.1456317,28.89759151,2016,19994,356817.6,"165,367",4045
MARYLAND,5574256,233.2329193,5.507461444,7.247603985,79.70570422,140.7721497,684.3424486,132.9504781,482.19888,59.05720871,2008,NA,315858.9,"89,583",20797
MARYLAND,5674380,219.6539534,5.604136487,7.789397256,73.75255094,132.5078687,630.5358471,116.2241514,462.2178987,43.47611545,2009,22255,314862.8,"95,191",20609
MARYLAND,5773552,547.7,7.4,21.3,191.5,327.5,2997.3,632.9,2051.7,312.6,2010,22645,327234.5,"88,162",20467
MARYLAND,5828289,494.1,6.8,20.5,177.5,289.3,2860.2,614,1970.5,275.7,2011,22558,334306.6,"103,020",20453
MARYLAND,5884563,476.8,6.3,21,172.3,277.2,2753.5,573.2,1924.9,255.3,2012,21522,334821.6,"136,604",17956
MARYLAND,5928814,473.8,6.4,45.7,169.5,272,2663.5,538.9,1898.3,226.3,2013,21335,334939,"231,182",22726
MARYLAND,5976407,446.1,6.1,46.2,159.7,253.2,2507.5,468.7,1819.6,219.2,2014,21011,338734,"142,207",20745
MARYLAND,6006401,457.2,8.6,47.4,164.2,256.7,2315,427.5,1668.5,218.9,2015,20764,345230.2,"125,694",22959
MARYLAND,6042718,468.7,8.1,32.8,160.8,267,2033.3,312.6,1519.8,200.9,2018,18856,368860.2,"151,470",19916
MARYLAND,6052177,500.2,9,27.9,185.1,278.2,2222.3,388.4,1609.7,224.2,2017,19367,360030.1,"158,659",20060
MASSACHUSETTS,5819911,214.3331745,1.323044287,5.326541935,35.48164225,172.201946,317.3759874,64.00441519,238.9383618,12.14795209,2008,NA,412600.5,"119,859",20173
MASSACHUSETTS,6130470,212.1044553,1.23970919,5.268764059,34.72816929,170.8678127,327.821521,61.30035707,253.5857773,11.35312627,2009,11316,408061.8,"98,864",16783
MASSACHUSETTS,6436240,150.0254807,0.901147254,4.707717549,19.6232583,124.7933576,232.6358246,33.17154115,188.6194424,9.601879358,2016,9403,478961,"226,212",3300
MASSACHUSETTS,6547629,466.6,3.2,26.7,105,331.8,2350.5,576.8,1598.8,174.9,2010,11313,424581.3,"115,904",19574
MASSACHUSETTS,6587536,428.4,2.8,24.7,102.7,298.1,2258.7,554.6,1540.3,163.7,2011,11623,434723.5,"153,487",19771
MASSACHUSETTS,6646144,405.5,1.8,24.7,98.6,280.4,2153,519.7,1494.4,138.9,2012,11308,444329.8,"210,453",19282
MASSACHUSETTS,6794422,390.9,1.9,54.2,77.8,280.7,1690.7,322.2,1249.7,118.8,2015,9922,471135.3,"167,285",20673
MASSACHUSETTS,6859819,358,2.5,32,71,252.5,1437,249.1,1078,109.9,2017,9133,490839.8,"206,492",20119
MASSACHUSETTS,6902149,338.1,2,34.9,60,241.2,1263.3,200.8,966.8,95.7,2018,8692,506072.8,"211,295",20340
MICHIGAN,8664761,143.0853084,1.63882189,6.670697553,28.71400608,106.0617829,405.8507788,72.14278617,296.5575161,33.68817674,2008,NA,416701.8,"357,335",26495
MICHIGAN,9569737,139.2932742,2.309363361,6.614601843,26.86594208,103.5033669,405.6224325,67.51491708,308.984458,26.07177188,2009,45478,380091.2,"362,172",25419
MICHIGAN,9696514,125.4368322,1.711955451,7.837868331,15.12914848,100.75786,271.1799313,33.86784158,220.3472299,14.56193432,2016,41122,452268.8,"579,605",3254
MICHIGAN,9876187,445.3,6.2,44,105.2,289.9,2612.1,724.9,1629,258.2,2011,42940,411465.7,"356,635",23744
MICHIGAN,9883360,454.5,7,46.4,105.6,295.5,2530.5,664.4,1612,254.1,2012,43636,418857.4,"430,405",23165
MICHIGAN,9883640,490.3,5.7,47.3,116.3,321,2713.6,747.4,1689.5,276.8,2010,44165,400941.4,"348,200",24426
MICHIGAN,9922576,415.5,5.8,107,78.6,266.2,1885.6,403.5,1323.2,158.9,2015,42628,442481.8,"500,921",22913
MICHIGAN,9962311,450,5.7,70.6,65.1,308.5,1800,357.8,1245.7,196.5,2017,39666,459129.1,"513,243",23856
MICHIGAN,9995915,449.4,5.5,76.9,56.6,310.3,1653.5,316.6,1162.3,174.6,2018,38761,470529.2,"489,957",23991
MINNESOTA,5303925,236,1.8,33.9,63.9,136.4,2572.3,460.3,1950,161.9,2010,9796,284863.9,"297,390",13509
MINNESOTA,5344861,221.2,1.4,31.1,63.4,125.4,2549.4,481.3,1915.1,153.1,2011,9800,290630.4,"337,534",13409
MISSISSIPPI,1308021,148.7743698,10.32093521,12.61447637,43.73018476,82.10877348,849.2982911,171.8626842,632.635103,37.0789154,2008,NA,104386.2,"181,068",8243
MISSISSIPPI,1383530,114.7788628,8.456629058,6.07142599,32.52549638,67.72531134,593.3373328,94.61305501,470.1741198,24.71937725,2016,19192,100656.5,"276,161",168
MISSISSIPPI,1630766,126.6276094,6.683975506,8.523601792,40.28781566,71.13221639,818.9403017,163.9107021,624.9210494,23.60853734,2009,21482,99463,"167,057",8764
MISSISSIPPI,2967297,269.7,7,31.2,93.7,137.8,2985,1026,1778.4,180.6,2010,21067,99983.6,"169,873",10325
MISSISSIPPI,2978512,269.8,8,29,83.7,149.1,3025.5,1037.7,1822.5,165.4,2011,21386,98727.7,"185,059",6216
MISSISSIPPI,2984100,285.7,8.2,36.6,69.4,171.5,2733.9,828.1,1750.6,155.2,2017,19103,101515.7,"251,852",4437
MISSISSIPPI,2984926,260.8,7.4,27.5,76.5,149.4,2811,940.6,1725.6,144.8,2012,22319,99614.6,"222,297",5662
MISSISSIPPI,2986530,234.4,5.7,18,53.4,157.2,2403,697.8,1561.2,144,2018,19275,102837.4,"247,278",4240
MISSOURI,5542829,225.8774355,6.422713023,9.886648136,43.64197416,165.9261002,816.568579,127.8228139,621.4696502,60.31216189,2008,NA,270608.3,"321,487",20319
MISSOURI,5543053,219.5360571,6.999752663,9.579558413,43.18919556,159.7675505,808.4353514,120.0421501,632.7199109,50.17090762,2009,30563,265310.1,"355,678",20486
MISSOURI,5768437,177.2230502,5.876808571,8.945230744,33.38859383,129.0124171,595.8806519,71.99523892,479.6446594,40.63492416,2016,32461,275500.5,"632,319",3085
MISSOURI,5988927,455,7,23.9,102.4,321.7,3346.4,735.4,2343,268,2010,30623,269735,"349,672",20375
MISSOURI,6010688,447.4,6.1,24.3,104.3,312.7,3308.8,745.7,2308.3,254.8,2011,30833,266725.8,"394,923",20158
MISSOURI,6021988,450.9,6.5,25.1,96,323.4,3314.4,705.2,2338.4,270.8,2012,31247,268761.5,"513,303",19487
MISSOURI,6083672,497.4,8.3,72.5,104.8,342.4,2854.2,559,2015.8,279.4,2015,32330,276700.4,"584,875",20062
MISSOURI,6113532,530.3,9.8,44.6,103.9,372,2833.9,492,2016,325.9,2017,32601,278191.9,"524,973",20492
MISSOURI,6126452,502.1,9.9,47.5,84.8,359.8,2647.1,444.9,1878.8,323.4,2018,30369,284924.1,"496,184",20226
MONTANA,905870,98.57926634,1.987040083,2.980560125,5.740338018,87.87132812,495.104154,27.3769967,439.2462495,25.05878327,2009,3605,39337.4,"101,976",2965
MONTANA,932625,91.35504624,1.179466559,2.680605817,5.039538936,82.45543493,495.0542823,38.60072376,426.0018764,24.33990082,2008,NA,40161.5,"97,599",2661
MONTANA,989415,272.2,2.6,32.4,15.9,221.2,2543.8,369.3,2020.3,154.2,2010,3716,40543.8,"101,095",2941
MONTANA,1005141,272.2,2.7,37.7,19,212.8,2583.7,387.4,2028.3,168,2012,3609,42005.8,"134,455",2405
MONTANA,1032949,349.6,3.5,94.7,20.3,272.8,2623.6,371.6,2017.9,234.1,2015,3685,44871.4,"127,705",3153
MONTANA,1036405,107.486938,1.350823279,4.631394098,6.657629016,94.84709163,471.1478621,31.45488491,408.0451175,28.27080147,2016,3814,44265.4,"136,337",139
MONTANA,1050493,377.1,3.9,58.4,28.1,286.7,2591.6,344.1,2000.8,246.7,2017,3698,45029.2,"123,938",3034
MONTANA,1062305,374.1,3.2,51.9,25.3,293.7,2496.3,306.6,1926.5,263.2,2018,3765,46219.7,"117,607",2902
NEBRASKA,1591339,122.0984341,2.199405658,9.928745541,23.69074094,86.27954195,637.6391203,55.48786274,554.5015864,21.86837625,2009,4474,94050,"59,328",4815
NEBRASKA,1634173,120.3666931,2.631300358,8.934182611,24.29363354,84.50757662,587.5754893,55.56327268,504.3529663,22.88619381,2008,NA,93569.3,"56,589",4810
NEBRASKA,1721852,111.0432256,2.323080032,15.04194321,17.19079224,76.48741007,587.9715562,33.80081447,526.7583974,24.16003234,2016,5302,110812,"88,663",751
NEBRASKA,1826341,279.5,3,36.8,56.1,183.6,2673.2,455.9,2019.4,197.9,2010,4587,97856.7,"58,283",4835
NEBRASKA,1842641,253.2,3.6,37.7,54.1,157.7,2752.9,472.9,2057.3,222.7,2011,4616,102332.7,"65,860",4893
NEBRASKA,1855525,259.4,2.9,38.3,60.9,157.4,2754.9,470.8,2060.7,223.5,2012,4705,102269,"85,860",4943
NEBRASKA,1920076,305.9,2.2,62,50.4,191.2,2274,337.1,1666,271,2017,5313,113110.4,"74,318",4852
NEBRASKA,1929268,284.8,2.3,63.9,39.2,179.4,2079.9,271.9,1555.3,252.6,2018,5491,114170,"74,477",5398
NEVADA,2545496,255.9815454,5.735620877,10.33197459,72.08811171,167.8258383,689.1387769,137.1834802,499.391867,43.92071329,2008,NA,138863.3,"95,252",8841
NEVADA,2546856,294.5199886,5.850350393,7.61723474,80.41286983,200.6395336,716.5697629,118.4990435,564.1072758,28.07382907,2009,12482,127242.4,"107,343",10115
NEVADA,2700551,660.6,5.9,35.7,196.2,422.9,2774.7,823,1574.5,377.1,2010,12653,128827.2,"104,789",9873
NEVADA,2723322,562.1,5.2,33.5,157.9,365.6,2560.5,742.3,1470,348.3,2011,12778,129733.5,"118,740",8325
NEVADA,2758931,607.6,4.5,33.7,178.3,391.1,2809.4,801.8,1644.6,363.1,2012,12883,128043,"146,363",9447
NEVADA,2790136,603,5.8,89.9,185.8,360.6,2837.7,826,1653.4,358.3,2013,13056,128272.7,"146,892",8812
NEVADA,2890845,695.9,6.2,101.2,217.5,413.9,2668.3,773.5,1502.2,392.7,2015,13071,135429.2,"127,480",9106
NEVADA,2940058,284.0420155,5.646147117,8.741324151,64.79464011,204.8599041,355.4351649,85.67858185,237.3422565,30.61164099,2016,13757,139295.5,"147,992",896
NEVADA,2998039,555.9,9.1,63,161.5,322.3,2612.4,668.7,1516.4,427.3,2017,13671,143733.4,"129,622",9831
NEVADA,3034392,541.1,6.7,76.8,127.3,330.4,2438.2,584.7,1461.2,392.3,2018,13641,149779.9,"127,434",9110
NEW HAMPSHIRE,1032522,60.43454764,0.484251183,6.682666326,14.52753549,38.74009464,306.5309989,42.3235534,251.4232142,8.232270111,2008,NA,65016.8,"67,293",3373
NEW HAMPSHIRE,1160414,59.80624157,0.258528422,3.877926326,15.16700074,40.50278607,374.2629786,47.39687732,312.3023335,9.910256167,2009,2731,64449.6,"76,102",3353
NEW HAMPSHIRE,1275170,68.53988096,0.392104582,4.548413153,14.03734404,49.56201918,311.7231428,26.34942792,274.3947866,8.939984473,2016,2818,72815.6,"165,164",542
NEW HAMPSHIRE,1316470,167,1,31.3,34.3,100.4,2186.3,413.3,1699.5,73.5,2010,2761,66441.5,"79,940",3441
NEW HAMPSHIRE,1318194,188,1.3,32.5,36,118.2,2283.9,436.1,1773.9,73.9,2011,2614,66840.1,"90,984",3473
NEW HAMPSHIRE,1320718,187.9,1.1,34,35.7,117,2324,412.2,1834.3,77.5,2012,2790,67689.2,"128,178",3436
NEW HAMPSHIRE,1330608,199.3,1.1,81.7,35.2,116,1745.7,260.6,1418.2,67,2015,2897,71511.1,"136,816",3459
NEW HAMPSHIRE,1342795,198.7,1,49.4,31.2,117.1,1381.8,191.7,1122,68.1,2017,2750,74118.8,"129,090",3623
NEW HAMPSHIRE,1356458,173.2,1.5,39.4,26.5,105.8,1248.5,136.2,1048.2,64.1,2018,2745,75833.2,"120,889",3689
NEW JERSEY,8355142,166.9391137,3.303354988,4.452348027,52.31508932,106.8683213,414.8942053,76.82694082,322.3404222,10.97527726,2008,NA,533053.7,"40,525",42022
NEW JERSEY,8522309,161.3295176,2.687065207,4.247675131,51.78174131,102.613036,408.8680662,73.11398824,322.7411726,9.340191725,2009,25382,511149.6,"55,533",41609
NEW JERSEY,8747889,114.3247245,2.263403205,4.52680641,34.29398796,73.24052694,305.6280207,49.54338127,248.3227668,5.70423333,2016,19786,539942.8,"121,853",9733
NEW JERSEY,8791894,307.7,4.2,11.2,134.4,157.9,2081.9,440.5,1464.5,176.9,2010,25007,516589.3,"50,522",39996
NEW JERSEY,8821155,308.4,4.3,11.4,138.4,154.3,2150.7,490.2,1463.1,197.4,2011,23834,510928.5,"60,256",36854
NEW JERSEY,8864590,290.2,4.4,11.7,128.4,145.7,2047.3,477.6,1383.7,185.9,2012,23225,519745.8,"85,851",37881
NEW JERSEY,8899339,288.5,4.5,22.3,135.8,135.6,1882.8,403.1,1325.2,154.5,2013,22452,523334.2,"120,071",31931
NEW JERSEY,8908520,208.1,3.2,16,71.4,117.4,1404.9,215.9,1065.1,123.9,2018,19362,555755.1,"93,124",40847
NEW JERSEY,8938175,261.2,3.9,25,117.5,125.6,1734.1,354.8,1248.3,131,2014,21590,525728.5,"92,320",38778
NEW JERSEY,8958013,255.4,4.1,26.7,108.6,127.4,1626.5,312.1,1182.9,131.5,2015,20489,535299.2,"90,034",39376
NEW JERSEY,9005644,228.8,3.6,16.7,87.7,120.8,1555.5,265.3,1155.1,135.1,2017,19585,543530.1,"103,739",40469
NEW MEXICO,1445951,239.5655178,4.910263211,8.921464144,28.83915153,196.8946389,622.6352069,84.02774368,507.3477594,24.20552287,2008,NA,85976.8,"106,131",5765
NEW MEXICO,1498550,267.3918121,4.404257449,7.874278469,24.02322245,231.0900537,695.4055587,61.25921724,561.8097494,29.82883454,2016,7055,91268.3,"161,216",1341
NEW MEXICO,1531579,237.5326379,4.505154484,6.855669868,19.32645982,206.8453537,701.1717972,85.01030636,580.5120075,29.05498182,2009,6363,87667.4,"106,854",6615
NEW MEXICO,2059179,588.9,6.9,46.5,78.4,457.1,3435.4,1020.5,2160.1,254.8,2010,6763,87004.1,"109,069",6030
NEW MEXICO,2082224,567.5,7.5,41.2,82.7,436.2,3531.5,1028.9,2242.9,259.7,2011,6998,87166.3,"115,620",6181
NEW MEXICO,2085287,613,6,124.3,86.8,449.9,3704.8,1029.9,2391.8,283.2,2013,6849,86506,"156,333",511
NEW MEXICO,2085538,559.1,5.6,45.9,88.6,419.1,3600.7,1025.3,2313.4,261.9,2012,6727,87601.6,"143,419",6023
NEW MEXICO,2085572,597.4,4.8,122.1,100,421.8,3542.3,887.3,2353.4,301.6,2014,7021,89275.2,"139,780",4780
NEW MEXICO,2088070,783.5,7.1,60.3,178.3,537.8,3941.7,858.1,2519.9,563.8,2017,7276,91343.6,"159,779",4208
NEW MEXICO,2095428,856.6,8,64.6,135.1,648.9,3419.7,767.8,2166.1,485.8,2018,7030,93604.6,"156,853",3877
NEW YORK,9223778,144.4093733,2.959741659,5.886958684,36.78536062,98.77731229,530.3141511,85.57231104,418.4294115,21.59635672,2008,NA,1175470.9,"221,920",80949
NEW YORK,10621114,124.6385266,2.4008781,10.27199218,30.88188301,81.08377332,463.1905843,54.4199036,389.3565214,17.13567899,2016,50716,1389680.6,"404,772",7086
NEW YORK,10719319,145.7928437,2.602777285,4.869712339,40.32905449,97.99129963,551.0051525,76.10558096,450.6629572,20.39308654,2009,58687,1223229.4,"241,165",83941
NEW YORK,19378102,392.1,4.5,14.3,146.9,226.4,1941.2,335.3,1500.4,105.4,2010,56656,1269486.5,"241,495",83394
NEW YORK,19465197,398.1,4,14.1,145.9,234.1,1912.4,336,1477.2,99.2,2011,55436,1269244.9,"271,837",81795
NEW YORK,19542209,350.5,2.9,33.6,93.1,220.9,1440.5,159.3,1214,67.2,2018,46636,1435636.2,"358,614",84204
NEW YORK,19651127,393.7,3.3,30.2,138.6,234.7,1824.8,287.2,1458.8,78.8,2013,53550,1319298.5,"353,064",78497
NEW YORK,19849399,356.7,2.8,31.9,101.3,220.8,1514.2,176.3,1270.3,67.6,2017,49461,1418942,"382,495",83642
NORTH CAROLINA,6270620,185.1013137,7.925851032,4.353636483,41.62267846,131.1991478,586.8957137,126.1278789,442.3167087,15.4530174,2016,35697,475339,"601,445",3601
NORTH CAROLINA,6612884,285.0798532,8.740513216,7.863437496,65.99238698,202.4835155,913.3382651,218.6489284,667.0614516,22.84933472,2008,NA,446920.3,"347,473",32028
NORTH CAROLINA,6933046,256.5971724,6.966634867,6.836821795,53.78588286,189.0078329,844.4340338,206.474903,616.6986343,17.17859654,2009,39860,427107.8,"368,460",32357
NORTH CAROLINA,9535483,363.4,5,21.1,100.8,236.5,3447.3,1076.9,2178.4,192,2010,40382,433404.3,"331,637",32755
NORTH CAROLINA,9656401,349.8,5.3,20.7,98.9,224.9,3526.8,1099.2,2251.2,176.4,2011,39440,439088.5,"375,211",33061
NORTH CAROLINA,9752073,353.4,4.9,20.3,96.3,231.8,3369.5,1018.5,2185.7,165.3,2012,37136,439571,"489,307",33353
NORTH CAROLINA,9848060,342.2,4.8,42.6,94.9,218.4,3128,921,2058.7,148.3,2013,36922,445361.4,"574,622",33505
NORTH CAROLINA,9943964,329.5,5.1,41.8,84.6,215.4,2873.1,798.2,1937.8,137.1,2014,37096,455046.2,"1,182,349",34520
NORTH DAKOTA,580591,70.2732216,0.516714865,7.75072297,4.305957206,57.69982656,512.4089075,48.39895899,430.0790057,30.14170044,2008,NA,34154.6,"46,832",1673
NORTH DAKOTA,611734,76.01343067,1.307757947,6.211850249,6.702259479,61.791563,510.8429481,54.10848506,425.6752118,28.60720509,2009,1486,35043.2,"47,962",1735
NORTH DAKOTA,672591,225,1.5,35.2,13.4,174.8,1768.5,292.3,1348.5,127.7,2010,1487,37696.5,"47,083",1840
NORTH DAKOTA,683932,247,3.5,37.9,13.3,192.3,1936.7,355.7,1437.7,143.3,2011,1423,41942.3,"61,032",1864
NORTH DAKOTA,699628,244.7,4,38.9,18.7,183.1,2010.1,339.8,1505.8,164.5,2012,1512,51345.1,"84,867",1968
NORTH DAKOTA,753138,98.65389875,1.858889075,5.975000598,10.09111212,80.72889696,473.0872695,37.31055929,384.2589273,31.07000311,2016,1791,51036.3,"72,036",330
NORTH DAKOTA,755393,281.3,1.3,52.8,24.2,202.9,2197.8,389.5,1573.6,234.7,2017,1723,51014.7,"66,977",2418
NORTH DAKOTA,756927,239.4,2.8,82.1,19.6,171.5,2116.5,395.9,1511.4,209.1,2015,1795,54901.6,"69,429",2345
NORTH DAKOTA,760077,280.6,2.4,52.2,20.8,205.2,2040.2,358.4,1448.3,233.5,2018,1695,52873,"62,334",2477
OHIO,6866208,99.15225405,2.708918809,7.092706775,38.08506821,51.26556026,516.4568274,90.45749852,406.7456156,15.74377007,2008,NA,537199.7,"350,014",31469
OHIO,8137156,90.2280846,2.85111899,5.726816593,39.86650864,41.78364038,480.5856002,78.28287918,382.2711522,16.50453795,2009,51606,509215.7,"395,580",29797
OHIO,8954617,74.63189101,2.110643035,5.371530686,20.62623114,46.52348615,374.3767042,43.00574776,320.8959132,7.605015379,2016,52175,585088.9,"875,724",2648
OHIO,11536504,315.2,4.1,32.1,142.8,136.2,3245.2,923.3,2138.8,183.1,2010,51712,521094.7,"393,250",27987
OHIO,11544225,299.7,4.3,31.7,132,131.7,3117.4,895.9,2052.5,169,2012,50876,540819.3,"629,215",19288
OHIO,11544951,307.4,4.4,31.5,139.1,132.4,3354.7,976.3,2195.9,182.5,2011,50964,538703.3,"468,974",30000
OHIO,11658609,297.5,6.1,50.3,99.5,141.6,2419.1,502.4,1743,173.7,2017,51478,594315.2,"753,072",17954
OHIO,11689442,279.9,4.8,45.3,78.6,151.2,2177.1,412.2,1594.6,170.3,2018,50431,605394.6,"717,475",19868
OKLAHOMA,3526827,168.7919481,5.585757396,7.400419697,24.15769189,131.6480791,554.5211035,84.35344291,449.4124605,13.63832136,2009,24803,159235.6,"234,562",11984
OKLAHOMA,3638086,163.7124576,4.397916927,8.68588593,22.84168104,127.7869737,468.0757959,85.59445818,358.5951514,16.24480565,2008,NA,161361.4,"221,612",11553
OKLAHOMA,3744169,124.2732366,4.887599892,5.528596599,17.33361929,96.52342082,423.4851579,54.91205125,346.2717628,16.63920619,2016,29916,190109.7,"364,590",1946
OKLAHOMA,3751351,479.5,5.2,38.7,89,346.7,3415.5,999,2144.8,271.6,2010,26252,159226.5,"233,909",11667
OKLAHOMA,3791508,454.8,5.5,37,86.6,325.7,3356.2,958.5,2106.8,290.9,2011,25977,165153,"271,816",11978
OKLAHOMA,3814820,469.3,5.7,41.6,84.7,337.3,3401,936.6,2161.3,303.1,2012,25225,173483.7,"367,976",12445
OKLAHOMA,3911338,422,6,81.9,76.8,291.9,2885.9,726.2,1892.5,267.2,2015,28547,195902.1,"359,276",11417
OKLAHOMA,3930864,456.2,6.2,54.5,76.3,319.3,2876.4,727.8,1836.9,311.7,2017,28143,191544.2,"334,351",12945
OKLAHOMA,3943079,466.1,5.2,58.3,70.8,331.8,2875,681.1,1856.8,337,2018,27709,196524.6,"332,291",13016
OREGON,3831074,252,2.4,31.7,62.4,155.6,3012.9,512.6,2267.7,232.6,2010,14876,169015.8,"184,835",10195
PENNSYLVANIA,11813884,198.9608159,4.452388393,9.226432222,57.16155669,128.1204386,487.1556213,78.5347139,380.0189675,23.30308982,2009,51429,605496.7,"641,696",29505
PENNSYLVANIA,11822238,155.7742282,3.188905519,8.484011234,40.77062228,103.3306892,430.0116442,52.08827635,354.7382484,19.79320667,2016,49244,689844.4,"1,143,220",7392
PENNSYLVANIA,12020349,214.4363695,4.791874179,9.708536749,61.66210316,138.2738554,506.2748178,85.77122012,385.8789791,28.94258727,2008,NA,623821.3,"598,544",29641
PENNSYLVANIA,12702379,366.2,5.2,26.9,128.8,205.3,2173,434.3,1607.4,131.2,2010,51264,622466.7,"626,677",29488
PENNSYLVANIA,12742886,355,5,26.1,126.6,197.3,2222.3,454,1636.1,132.2,2011,51578,631371.8,"718,934",31245
PENNSYLVANIA,12763536,348.7,5.4,26.1,122.8,194.4,2166.3,445.5,1603.1,117.7,2012,51125,641317.3,"968,534",30203
PENNSYLVANIA,12802503,315.1,5.1,58,101.6,174.8,1812.8,309.8,1408.2,94.8,2015,49858,681234.6,"993,429",30602
PENNSYLVANIA,12805537,313.3,5.8,32.8,92.1,182.6,1649.4,250.3,1297.7,101.4,2017,48333,693675.6,"1,062,651",30731
PENNSYLVANIA,12807060,306,6.1,35,76.9,188,1489.9,211.6,1175.9,102.4,2018,47239,711822.2,"1,021,943",29181
RHODE ISLAND,1018309,90.64046375,1.178424231,6.481333269,27.69296942,55.28773683,391.7278547,78.6598174,295.7844819,11.48963625,2009,3674,50213.6,"14,799",3191
RHODE ISLAND,1050292,252.4,3.2,27.4,67.9,153.9,2572.3,566.4,1755.7,250.2,2012,3318,51642,"24,050",3045
RHODE ISLAND,1050788,83.36600723,1.142000099,5.519667145,24.6481688,52.05617118,357.446031,73.94450641,265.8956897,13.13300114,2008,NA,50447.1,"12,405",3240
RHODE ISLAND,1051302,247.5,1.3,28.9,71,146.3,2676.8,662.4,1796.8,217.5,2011,3337,51269.1,"17,271",3091
RHODE ISLAND,1052567,256.6,2.8,28.1,74.1,151.6,2556.6,581.5,1747.2,227.9,2010,3357,51467.5,"14,835",3164
RHODE ISLAND,1056426,84.81427,1.703858103,8.045996596,13.53620604,61.52820926,272.7119552,56.03799982,201.2445737,12.0216655,2016,3103,53090.7,"27,758",359
RHODE ISLAND,1057315,219.1,1.5,45.5,42.9,129.2,1660.9,265.8,1250.3,144.8,2018,2767,53624.9,"25,030",3113
RHODE ISLAND,1059639,232.2,1.9,42,44.7,143.5,1751.6,303.6,1308.1,140,2017,2861,52989.3,"24,677",3140
SOUTH CAROLINA,4397223,214.5672394,5.321540436,7.754894396,37.66013232,163.8306722,580.684673,102.6102156,455.1736403,19.73973119,2009,24288,166849.7,"214,584",12881
SOUTH CAROLINA,4399248,165.2555164,4.500769222,6.569304572,31.43719108,122.7482515,413.1842533,80.74107211,311.9851393,17.54845374,2008,NA,174584.2,"184,941",15316
SOUTH CAROLINA,4625364,597.7,6.1,31.7,107.7,452.3,3900.4,997.9,2617.2,285.3,2010,23578,170166.5,"201,628",14030
SOUTH CAROLINA,4679230,571.9,6.8,34.5,92.2,438.4,3904.2,1002.8,2609.4,292,2011,22914,174127.9,"229,419",15689
SOUTH CAROLINA,4723723,558.8,6.9,35.5,95,421.4,3822.2,954.5,2588.3,279.5,2012,22388,175374.8,"308,408",15135
SOUTH CAROLINA,4794988,144.505054,6.110547096,8.571450022,25.02613145,104.7969255,503.4006342,70.5945458,410.0948741,20.18774604,2016,20858,195459.6,"402,978",2241
SOUTH CAROLINA,4896146,504.5,8.1,81.8,80.3,369.1,3293.3,705.7,2322.7,264.9,2015,20929,189899.8,"326,997",15943
SOUTH CAROLINA,5024369,506.2,7.8,49.8,77,371.5,3195.9,623.1,2289.1,283.8,2017,19906,201872.6,"396,920",11876
SOUTH CAROLINA,5084127,488.3,7.7,47.9,69.9,362.8,3017.6,579.7,2156,281.9,2018,19033,207202.6,"280,749",15215
SOUTH DAKOTA,630213,73.7845776,2.062794642,8.409855081,4.91897184,58.39295603,441.4380535,44.58809958,371.6203887,18.24779876,2008,NA,39643.2,"62,489",2273
SOUTH DAKOTA,674759,69.06169462,1.03740743,8.743862624,6.224444579,53.05597999,538.8590593,48.90635027,468.6117562,19.85894223,2009,3434,39731.9,"63,748",2336
SOUTH DAKOTA,789651,163.4899468,2.912679146,5.572081844,7.218378752,147.7868071,450.0722471,44.57665475,366.8709341,36.59844666,2016,3831,45685.5,"111,921",663
SOUTH DAKOTA,814180,268.5,2.8,47.9,18.9,198.9,1852.4,390.7,1364.1,97.6,2010,3434,40129.8,"63,151",2411
SOUTH DAKOTA,824082,254.1,2.5,60.2,20.3,171.1,1817.7,351.8,1351.1,114.8,2011,3535,42793.5,"69,654",2833
SOUTH DAKOTA,833354,321.8,3,70.2,19,229.7,2060.1,391,1541.4,127.8,2012,3650,43444.6,"88,447",2820
SOUTH DAKOTA,858469,383.1,3.7,109.1,25.2,296.6,1943,344.8,1459.8,138.4,2015,3564,45442.6,"100,268",2598
SOUTH DAKOTA,869666,433.6,2.9,68.4,27.4,335,1876.2,311.3,1405.9,159,2017,3970,45618.9,"98,573",2971
SOUTH DAKOTA,882235,404.7,1.4,69.6,29.7,304,1728.7,291.4,1264.5,172.7,2018,3948,46490.5,"90,693",3008
TENNESSEE,4889352,268.9517957,6.565287179,6.401666315,55.85607254,200.1287696,857.4551392,128.2378524,689.3142486,35.71025363,2009,26965,263015.5,"408,991",25407
TENNESSEE,4948055,275.3809325,6.143828231,6.952226683,59.29602642,202.9888512,802.4567229,125.7261692,624.366544,46.96795003,2008,NA,272011.3,"282,819",25067
TENNESSEE,6346105,613.3,5.6,33.7,131.8,442.2,3657.9,1012.2,2411.9,233.8,2010,27451,266727.2,"411,024",25671
TENNESSEE,6403353,608.2,5.8,31.6,126.2,444.5,3595.9,979.9,2396.8,219.2,2011,28479,274803.6,"451,107",25784
TENNESSEE,6454266,250.0981521,4.663582195,4.50864591,29.99566488,210.9302591,587.1620414,82.45709117,461.4777265,40.37639601,2016,28203,308031.6,"714,774",2752
TENNESSEE,6456243,643.6,6,31.5,126.5,479.6,3371.4,870.2,2300.1,201,2012,28411,283721.8,"524,122",26268
TENNESSEE,6600299,612.1,6.2,70.3,113.2,452.2,2936.2,655.2,2086,195,2015,28172,301587.2,"654,192",26722
TENNESSEE,6715984,651.5,7.8,43.7,117.1,482.9,2940.6,576.5,2088.3,275.8,2017,28980,313837.2,"767,953",26765
TENNESSEE,6770010,623.7,7.4,41.7,106.2,468.5,2825.4,489.4,2034.1,301.9,2018,26321,323674.9,"694,101",27737
TEXAS,23376796,146.4486408,3.691694961,8.700935748,35.073241,98.98276907,559.4522021,84.2416557,446.5753134,25.50392278,2008,NA,1275773.6,"944,568",87479
TEXAS,24280041,142.8457225,3.389615363,7.858306335,34.30801455,97.28978629,591.0945538,84.15142297,482.7463018,21.4661911,2009,171249,1271435.8,"1,014,015",89867
TEXAS,25145561,450.3,5,30.3,130.6,284.4,3783,909.1,2603.3,270.5,2010,173649,1301726.7,"968,071",89897
TEXAS,25674681,408.5,4.4,29,110.6,264.5,3472.3,838.3,2387.3,246.7,2011,172224,1343790.9,"1,155,387",89839
TEXAS,26059203,408.6,4.4,29.6,116.6,258,3361.8,785.9,2326.4,249.4,2012,166372,1411378.7,"1,436,132",72877
TEXAS,27089093,118.0881176,3.281763623,8.531108812,26.04738372,80.22786145,350.7389487,45.04026768,282.7854,21.39237368,2016,163703,1600260.2,"1,721,726",2205
TEXAS,27469114,412.2,4.8,77.1,116.3,246.6,2831.3,557.2,2028.5,245.7,2015,163909,1596361.9,"1,574,266",71811
TEXAS,28304596,438.9,5,51.1,114,268.8,2562.6,473.7,1848.5,240.4,2017,162523,1646264.3,"1,549,434",70987
TEXAS,28701845,410.9,4.6,51.2,98.4,256.6,2367.2,410.8,1713.1,243.2,2018,163628,1712764,"1,571,632",70186
UTAH,2376842,85.99646085,1.977413728,7.615146484,20.82595309,55.57794755,787.8100437,56.46147283,707.7037514,19.35341095,2008,NA,123483.3,"181,592",7719
UTAH,2747172,81.06518267,1.346839586,6.952604351,18.746551,54.01918773,752.6649223,53.54597382,679.1347611,15.87086648,2009,6538,120791.6,"256,136",7830
UTAH,2763885,212.7,1.9,34.3,45.9,130.6,3179.6,543.3,2421,215.2,2010,6807,123330.1,"553,134",6987
UTAH,2801231,80.39322712,1.784929554,9.2102365,14.74351812,54.65454295,572.7481953,33.37818266,521.8063059,15.02910685,2016,6175,147414,"294,907",846
UTAH,2817222,195,1.9,30.3,38.4,124.4,2973.1,465.8,2287.8,219.5,2011,6879,127060,"1,020,789",6965
UTAH,2855287,205.8,1.8,33,38.5,132.5,2991.8,453.3,2328.4,210.1,2012,6962,128721,"230,999",7042
UTAH,3101833,238.9,2.4,54.7,47.3,134.5,2780.2,381,2092.1,307.2,2017,6443,153129.1,"270,477",7196
UTAH,3161105,233.1,1.9,55.5,39.1,136.6,2377.5,315.3,1817.7,244.5,2018,6648,158799.7,"295,858",7235
VERMONT,348314,90.14854413,1.148389097,8.03872368,6.603237309,74.35819404,301.1650407,44.21298024,250.0617259,5.167750937,2016,1735,29362.9,"39,417",439
VERMONT,509775,89.45122848,1.569319798,13.92771321,4.11946447,69.83473101,336.2267667,58.84949242,256.583787,17.0663528,2008,NA,27437.2,"21,991",1299
VERMONT,605536,89.01204883,0.990857686,10.07371981,4.128573693,73.81889764,354.5619088,57.96517466,276.7795804,16.67943772,2009,2220,26996.6,"23,085",1419
VERMONT,623657,165.8,2.2,35,14.8,113.8,1436.7,297.3,1108.3,31.1,2017,1546,29406.6,"37,610",1506
VERMONT,625741,130.2,1.1,21.1,11.8,96.2,2282.3,537.9,1673.9,70.5,2010,2079,28111,"24,276",1516
VERMONT,626011,142.6,1.3,19.3,17.9,104.2,2398.7,633.4,1695.8,69.5,2012,2034,28887.4,"34,507",1677
VERMONT,626042,118,1.6,41,16.1,78.6,1406.6,314.4,1063.8,28.4,2015,1750,28906.5,"34,588",1448
VERMONT,626299,172,1.6,45.8,11.2,113.4,1283.1,234.2,1008.5,40.4,2018,1659,29750.3,"41,550",1815
VERMONT,626431,135.2,1.3,19,13.6,101.4,2309,581.5,1647.7,79.7,2011,2053,28733.3,"27,292",1503
VIRGINIA,7481379,88.72695796,3.568860768,4.009955919,24.94192581,56.20621546,471.6242821,57.52950091,398.0816906,12.28383163,2009,38059,425583.3,"296,463",23395
VIRGINIA,7543553,98.8526229,4.096213018,4.904850539,29.08443806,60.76712128,438.55992,61.29737539,359.2604175,13.94568315,2008,NA,425803.5,"278,974",23748
VIRGINIA,8001024,213.6,4.6,19.1,70.7,119.1,2327.2,382.8,1812.5,131.8,2010,37638,437267.8,"320,783",23390
VIRGINIA,8096604,196.7,3.7,19,67.1,106.9,2249.6,377.9,1751.6,120.1,2011,38130,441608.8,"331,468",23443
VIRGINIA,8185867,190.1,3.8,17.7,57.5,111.1,2162.1,360.5,1690.7,110.9,2012,37044,444950,"448,754",23625
VIRGINIA,8266632,89.63747267,4.245985548,5.806475963,21.22992774,58.35508342,372.4975298,35.41950337,323.0578064,12.25408365,2016,37813,456676.4,"528,369",3811
VIRGINIA,8382993,195.6,4.6,45.7,53,110.2,1866.5,254.6,1515.2,96.8,2015,38403,454952.9,"462,997",23934
VIRGINIA,8470020,208.2,5.3,33.8,51.1,117.9,1792.9,218,1454.7,120.1,2017,37158,464792.9,"520,827",24025
VIRGINIA,8517685,200,4.6,34.3,42.3,118.7,1665.8,182.8,1356.4,126.5,2018,36660,477005.7,"476,760",24272
WASHINGTON,4761193,145.8247964,2.184326491,14.17711905,34.3821391,95.08121179,679.4935639,102.8103671,541.2298976,29.65643275,2008,NA,382380.5,"316,589",14980
WASHINGTON,4880479,155.312624,2.827591308,12.70367109,40.03705374,99.74430788,671.4709765,91.24104417,550.5812032,24.66970967,2009,18233,372728.4,"336,732",14862
WASHINGTON,6483494,119.9661787,1.650344706,7.573077109,25.68059753,85.06215939,466.2455151,74.75907281,365.6207594,23.41330153,2016,19104,459754.3,"713,996",2867
WASHINGTON,6724540,313.8,2.3,38.1,88.2,185.3,3706.6,820.3,2503.7,382.6,2010,18235,381253.4,"335,342",14555
WASHINGTON,6830038,294.6,2.4,33.5,82.5,176.1,3574.6,827.7,2383.3,363.6,2011,17847,387832.4,"394,410",14315
WASHINGTON,6897012,295.6,3,31.8,83.3,177.5,3658.6,880.5,2395.3,382.8,2012,17271,400863.3,"519,209",14212
WASHINGTON,7405743,304.5,3.1,44,72.8,184.6,3173.6,590.4,2194.4,388.8,2017,19656,483773.4,"579,678",15385
WASHINGTON,7535591,311.5,3.1,45.3,73.9,189.1,2946.2,533.5,2045.4,367.3,2018,19523,511672.4,"627,301",15873
WEST VIRGINIA,925274,157.6830215,4.539195957,6.808793936,21.72329494,124.6117366,650.0777067,85.48819053,542.1096886,19.45369696,2009,6367,67564.9,"156,831",4460
WEST VIRGINIA,1109343,115.3836099,2.794446803,3.605737811,12.89051267,96.09291265,456.0356896,52.55362859,384.2815072,16.1356767,2008,NA,67888.3,"147,689",NA
WEST VIRGINIA,1251283,152.243737,3.27663686,8.071715192,12.54712163,128.3482633,465.602106,61.61675656,381.7681532,19.02047738,2016,7162,68901.2,"242,350",1463
WEST VIRGINIA,1805832,289.9,3.7,36.1,31.7,218.5,1485.6,296.5,1049.6,139.5,2018,6775,71481.4,"241,678",4538
WEST VIRGINIA,1815857,350.7,4.7,43.8,28.9,273.4,1852,420.1,1266.6,165.3,2017,7092,69903.9,"222,768",4689
WEST VIRGINIA,1844128,337.9,3.8,59.2,41.2,256.4,2020,497.3,1401.3,121.4,2015,7118,69761.1,"249,014",4708
WEST VIRGINIA,1852994,314.6,3.3,19.1,44.7,247.5,2239.6,580.5,1531.7,127.4,2010,6681,68443.6,"159,550",4415
WEST VIRGINIA,1855364,315.9,4.3,20.9,49,241.6,2273.9,603.2,1549.2,121.5,2011,6826,69658,"185,491",4417
WEST VIRGINIA,1855413,316.3,3.9,22.7,45.2,244.6,2364.9,608.5,1637.3,119.1,2012,7070,69399,"225,580",4475
WISCONSIN,5389299,139.5543279,2.634851026,11.74549788,29.48435409,95.68962494,750.839766,82.55248039,641.8274436,23.02711354,2009,23165,257142.6,"196,951",19156
WISCONSIN,5540528,145.2930118,3.519520161,12.81466315,35.75471507,93.2041134,765.7212453,84.17970273,644.3068242,30.03323871,2008,NA,264632.1,"186,819",18648
WISCONSIN,5643675,133.8843927,4.32342401,13.83850062,27.81875285,87.90371522,557.1901288,49.09921284,482.8945678,22.91060346,2016,23377,290750.2,"561,819",1214
WISCONSIN,5686986,248.7,2.7,20.9,79.2,145.9,2507.7,467.1,1897.5,143.1,2010,22729,264841.1,"194,797",19423
WISCONSIN,5711767,236.9,2.4,20.4,78.2,135.9,2432.7,466.7,1821.9,144.1,2011,22654,270372.5,"322,761",18968
WISCONSIN,5726398,280.5,3,21.3,80.7,175.5,2453.8,488,1822.3,143.5,2012,22600,274343.9,"469,375",18638
WISCONSIN,5795483,319.9,3.2,36.9,75,204.8,1808.3,303.7,1341.3,163.4,2017,23945,294657.1,"526,523",18406
WISCONSIN,5813568,295.4,3,38.7,60,193.7,1559.9,242.5,1168.9,148.5,2018,24064,301622.7,"452,520",18013
WYOMING,528009,119.8843202,2.651469956,8.522582001,6.62867489,102.0815933,581.9976553,63.25649752,490.9007233,23.67383889,2008,NA,42632.5,"49,255",2029
WYOMING,539500,106.9508804,2.96570899,7.97034291,5.560704356,90.45412419,567.3772011,53.01204819,490.2687674,21.8721038,2009,2075,41385.4,"51,395",2072
WYOMING,549770,90.94712334,2.364625207,6.002510141,3.455990687,79.12399731,468.7414737,42.19946523,397.9846117,19.82647289,2016,2374,38052.9,"63,594",27
WYOMING,563626,195.9,1.4,29.1,13.5,151.9,2461.6,381.3,1975.4,104.9,2010,2112,39801.4,"47,709",1962
WYOMING,568158,219.3,3.2,25.7,12.5,177.9,2266.4,327.9,1846.8,91.7,2011,2183,39395.5,"52,224",2207
WYOMING,576412,201.4,2.4,26.7,10.6,161.7,2293.8,368.7,1823.9,101.3,2012,2204,38431.7,"63,356",2074
WYOMING,577737,212.2,2.3,42.1,17.3,150.6,1785.1,264,1375.9,145.2,2018,2543,38040,"60,150",2323
WYOMING,579315,237.5,2.6,45.4,13.1,176.4,1830.4,275,1421,134.5,2017,2473,37997.1,"54,711",2025
WYOMING,582658,205.1,2.9,56.8,12.9,157.2,2198.4,335.5,1763.6,99.2,2013,2310,38503.9,"70,671",2291
WYOMING,586107,222.1,2.7,50.8,10.1,179.8,1902.6,300.6,1500.9,101,2015,2424,39723,"62,339",1897
ALABAMA,4802740,420.1,6.3,28.5,102.2,283,3606.1,1064.3,2319.7,222,2011,32270,185054.8,"336,102",16185
DISTRICT OF COLUMBIA,617996,1202.1,17.5,28,662.3,494.3,4795.5,623,3451.5,721,2011,NA,112008.3,300,4919
ILLINOIS,2872516,140.295128,9.991241128,9.608301573,56.77949226,63.91609307,439.4405462,34.53418536,280.5902561,122.0184674,2016,43657,747168,"1,924,070",2959
ILLINOIS,2986566,291.6727774,12.1879108,15.13443868,97.8381191,166.5123088,782.5710197,96.9005875,532.0156996,151.1434872,2008,NA,699429.5,"615,941",52561
ILLINOIS,3006374,276.4459778,12.63981128,15.43387483,95.63015114,152.7421405,737.7658269,100.7193383,507.2223216,127.462518,2009,45161,682965.6,"752,071",50833
ILLINOIS,12741080,404.1,6.9,46,111.5,239.7,1932.8,306.7,1472.3,153.8,2018,39965,769800.6,"2,831,447",36749
ILLINOIS,12802023,438.8,7.8,43.4,137.2,250.4,2011.4,339.5,1508.8,163.1,2017,41471,753638,"1,601,087",35332
ILLINOIS,12859995,383.8,5.8,65.1,115.9,224.6,1988.6,361.1,1490.2,137.3,2015,46240,744517.8,"1,247,398",22642
ILLINOIS,12869257,429.3,5.6,28.8,157.4,237.5,2688.8,604.1,1861.1,223.5,2011,48427,707059.5,"828,962",46335
ILLINOIS,12875255,414.8,5.8,27.7,151.2,230,2578.7,552.2,1826.9,199.5,2012,49348,720702.3,"1,036,061",45505
MONTANA,998199,267.5,2.8,35.8,16.9,212,2319.7,339.6,1834,146.1,2011,3678,41473.1,"108,974",3022
OREGON,3612440,116.6524565,1.993112688,6.782119565,28.01430612,79.86291814,667.8311612,67.73814928,563.3034736,30.5333791,2009,14403,166653.2,"185,043",10230
OREGON,3649695,132.7234194,2.602957233,7.562275752,32.52326564,90.03492073,745.3225544,77.15713231,618.9558306,39.78414635,2008,NA,173955.1,"179,887",9965
OREGON,3707053,100.2143751,1.780389976,3.938438431,20.69028956,73.80525717,524.8373843,43.64653001,436.7350561,38.81789659,2016,15166,200948.2,"324,708",1449
OREGON,3871859,247.6,2.1,31.4,57.4,156.6,3114.6,528.1,2352.8,233.7,2011,14510,173883.1,"209,781",10057
OREGON,3899353,247.6,2.4,29.2,61.9,154.1,3224.2,561.7,2400.9,261.7,2012,14840,174493.1,"267,041",9918
OREGON,4142776,281.8,2.5,48.3,58.7,172.3,2986.5,427.4,2145.3,413.7,2017,15218,208625.8,"341,167",10729
OREGON,4190713,285.5,2,47.1,60.8,175.6,2894,389.1,2109.9,395.1,2018,15268,216561.5,"359,682",10664
PUERTO RICO,3195153,200.8,20,6.2,71.1,103.6,777.8,171.7,490.1,116,2018,NA,NA,"29,275",NA
PUERTO RICO,3337177,232.6,20.3,6.3,91.5,114.4,934.2,238.2,588.3,107.7,2017,NA,NA,"18,811",NA
PUERTO RICO,3548397,236.2,19.2,2.8,145.7,69.7,1285.7,339.2,815.8,130.7,2014,NA,NA,"16,118",NA
PUERTO RICO,3615086,258,24.4,1.6,166.4,66.3,1351.3,386.2,812.2,153,2013,NA,NA,"16,968",NA
PUERTO RICO,3667084,273.8,26.7,0.9,171.7,74.5,1409.3,416.9,833,159.4,2012,NA,NA,"15,545",NA
PUERTO RICO,3706690,284.4,30.6,1.2,174.4,78.1,1395.2,447.6,789.7,157.9,2011,NA,NA,"11,525",NA
MINNESOTA,5379139,230.9,1.8,30.5,64.6,134,2568.3,471.8,1939.3,157.2,2012,9938,294296.6,"440,992",13476
NEW YORK,19570261,406.8,3.5,14.6,146.4,242.3,1922,329.9,1503.5,88.6,2012,54210,1322447.9,"338,619",79358
ALABAMA,4833722,430.8,7.2,71.8,96.2,285.2,3351.3,877.8,2254.8,218.7,2013,32381,188165.1,"563,880",14173
ALABAMA,4849377,427.4,5.7,70.9,96.9,283.4,3177.6,819,2149.5,209.1,2014,31771,186849,"621,305",11455
ALASKA,735132,640.4,4.6,213,84.9,425.5,2885.2,396.7,2258,230.6,2013,5081,54750,"93,405",1937
ALASKA,736732,635.8,5.6,180,85.4,440.2,2760,427.6,2096.4,236,2014,5794,53273,"87,623",1938
ARIZONA,6626624,416.5,5.4,81.4,101.1,263.9,3399.1,732.4,2403.5,263.2,2013,41104,270148.9,"363,036",21192
ARKANSAS,2959373,460.3,5.4,81.7,76.3,330.5,3602.6,1030.1,2380.6,191.9,2013,17235,111778.9,"279,736",9250
ARKANSAS,2966369,480.1,5.6,99.2,69.1,346,3338,835.7,2313.5,188.8,2014,17874,112932.1,"234,282",9380
COLORADO,5268367,308,3.4,94.6,59.8,189.1,2658.5,476.1,1944.5,237.9,2013,20371,282533.9,"514,658",17441
COLORADO,5355866,309.1,2.8,96.3,56.7,192.8,2530.1,438.2,1857.1,234.8,2014,20646,295698.6,"413,284",15009
CONNECTICUT,3596080,262.5,2.4,45.2,98.2,135.4,1974.1,358.5,1442.6,173,2013,17563,241081.2,"294,338",10349
DELAWARE,925749,491.4,4.2,69.7,132.4,313.7,3065.5,662.3,2259.4,143.9,2013,7004,59157.1,"40,062",3168
DELAWARE,935614,489.1,5.8,67.9,135.6,306.4,2982,616.5,2230.1,135.4,2014,6955,63499.5,"42,950",3243
DISTRICT OF COLUMBIA,646449,1300.3,15.9,103.8,630.8,592.5,4808.3,513,3795,500.3,2013,NA,112677.9,497,5065
FLORIDA,19552860,470.4,5,58.7,118.7,312.3,3105.3,710.5,2216.3,178.6,2013,103028,784090.1,"1,073,859",67816
FLORIDA,19893297,540.5,5.8,73.4,125.2,366.4,3415.5,719.9,2481.5,214,2014,102870,805278,"1,034,546",60714
IDAHO,1612136,217,1.7,68.9,13.6,161,1864.3,411.9,1357.1,95.3,2013,7549,59830.6,"147,494",4272
IDAHO,1634464,212.2,2,65.9,12.5,160.5,1854.8,393.3,1359.9,101.6,2014,8117,61394.5,"131,742",4265
ILLINOIS,12882135,380.2,5.5,58.5,137.6,204,2274.3,452.1,1659.8,162.5,2013,48653,724616.4,"1,280,613",14563
INDIANA,6570902,357.4,5.4,57.6,108.2,211.3,2854,653,1984.9,216.2,2013,29913,303919.5,"597,124",9693
INDIANA,6596855,365.3,5,57.6,104.5,222.6,2649.4,559.3,1880,210.1,2014,29271,313740.5,"647,550",11926
IOWA,3090416,271.4,1.4,59.5,30.4,204.6,2193.9,513.5,1543,137.4,2013,8697,156636.6,"160,062",7747
IOWA,3107126,273.5,1.9,62.9,33.6,201.6,2093.8,464.4,1495.8,133.6,2014,8838,165088.1,"127,022",7782
IOWA,3156145,250.1,1.7,30.9,29.5,187.9,1691.5,352.6,1190.4,148.5,2018,9419,172072,"189,159",7530
KANSAS,2893957,339.9,3.9,70.2,46.6,248.1,2946.8,600.4,2117,229.5,2013,9763,140505.6,"228,105",9249
KENTUCKY,4395295,209.8,3.8,62.3,73.9,95.5,2362.9,596.4,1629.3,137.2,2013,21030,179390,"1,578,331",9120
LOUISIANA,4625470,518.5,10.8,61.9,119.9,352.8,3582,890.4,2493.6,198,2013,39299,226615.9,"353,025",10987
MAINE,1328302,129.3,1.8,59.6,25.2,68.7,2292.2,488.1,1735.3,68.8,2013,2173,52505,"96,760",2806
MASSACHUSETTS,6692824,413.4,2,71.8,100.2,270.5,2051.2,459.2,1455.7,136.3,2013,10950,444865.8,"251,361",19650
MASSACHUSETTS,6745408,391.4,2,56.4,89.5,267.6,1857.1,370.1,1364.5,122.5,2014,10713,453884.2,"179,344",20057
MICHIGAN,9895622,449.9,6.4,113.1,102.1,274.8,2327.6,569.4,1510,248.3,2013,43759,424319.9,"503,979",22669
MICHIGAN,9909877,427.3,5.4,104.2,80.9,277.7,2043.9,445.9,1384.5,213.5,2014,43390,431510.9,"424,091",23179
MINNESOTA,5420380,234.4,2.1,62.9,67.8,127.5,2420.4,419,1854.4,147,2013,10289,300633.1,"525,774",13348
MINNESOTA,5457173,229.1,1.6,63.3,67.6,123.3,2297.5,380.7,1763.5,153.3,2014,10637,309239.2,"481,122",13589
MISSISSIPPI,2991207,274.6,6.5,55,80.5,156.5,2724.7,835.6,1742.3,146.7,2013,21969,99622.4,"231,711",4609
MISSISSIPPI,2994079,278.5,8.6,60.8,81.2,153.4,2921.2,813.3,1956.9,150.9,2014,18793,100118.3,"214,829",4162
MISSOURI,6044171,433.4,6.1,64.3,90.7,298.7,3137,643,2223.9,270.1,2013,31537,271902.1,"567,009",20093
MISSOURI,6063589,442.9,6.6,67.3,92.2,304.8,2906.5,581.5,2055.3,269.8,2014,31942,273170.5,"517,063",20309
MONTANA,1015165,252.9,2.2,68.7,20.1,190.2,2556.5,400.3,1974,182.2,2013,3642,42433.8,"137,830",2542
MONTANA,1023579,323.7,3.6,94.9,19.8,247.4,2472.9,351.2,1922.1,199.6,2014,3699,43173.7,"121,836",2021
NEBRASKA,1868516,262.1,3.1,75.9,55.7,160.5,2623.4,476.3,1908.2,238.9,2013,5026,105038.2,"91,553",4915
NEBRASKA,1881503,280.4,2.9,78.8,55.4,176.2,2523.5,422.5,1864.1,236.8,2014,5441,107166.2,"68,568",5152
NEW HAMPSHIRE,1323459,215.3,1.7,88,49,112.7,2194.3,373,1750.3,71,2013,3018,68800.2,"147,726",3432
NEW HAMPSHIRE,1326813,196.1,0.9,79.3,40.5,110,1962.7,313.7,1584.4,64.6,2014,2963,69544.7,"124,677",3401
NORTH DAKOTA,723393,270.1,2.2,77.4,22.4,199.9,2094,405.6,1492.7,195.7,2013,1513,52530.8,"85,812",1992
NORTH DAKOTA,739482,265.1,3,85.7,23.4,190.3,2110.3,366.1,1539.5,204.7,2014,1718,56522.9,"70,548",2157
OHIO,11570808,286.2,3.9,59.3,124.2,123.2,2927.5,790.2,1968.5,168.8,2013,51729,550800,"680,930",16934
OHIO,11594163,284.9,4,78.8,110,127.4,2799.1,680,1963.6,155.4,2014,51519,571911.6,"596,389",12771
OKLAHOMA,3850568,441.2,5.1,100.1,78.7,300.8,3273.7,866.1,2116.4,291.2,2013,27547,177601.6,"380,634",12216
OREGON,3930065,254,2,85.4,61,142.7,3173.9,528.5,2394.5,250.9,2013,15362,175805.1,"274,302",9787
OREGON,3970239,232.3,2,63.2,52.7,140.8,2879,434,2204.6,240.5,2014,15075,181861,"243,044",10312
PENNSYLVANIA,12773801,335.4,4.7,50.2,115.6,185.7,2060.8,407.3,1545.6,107.8,2013,50312,651318.9,"1,044,731",30082
RHODE ISLAND,1051511,257.2,2.9,71,65,147.4,2442,533.2,1696.4,212.4,2013,3361,52084.6,"26,666",3056
SOUTH CAROLINA,4774839,508.5,6.2,77.3,83.2,373.6,3624.2,857.8,2502.9,263.5,2013,22060,178940.4,"335,695",15050
SOUTH CAROLINA,4832482,497.7,6.4,73.4,82.7,365.8,3460.3,759.9,2433.4,267,2014,21401,183561.9,"289,764",12732
SOUTH DAKOTA,844877,316.5,2.4,100.4,18.8,236.2,1914.7,399.1,1404.6,111,2013,3651,43602.2,"92,055",2652
SOUTH DAKOTA,853175,326.5,2.3,103.5,23.4,245.7,1863.9,330.3,1415.5,118,2014,3608,44153,"83,659",2913
TENNESSEE,6495978,590.6,5,61.5,112.5,436.9,3180.9,785.1,2213.7,182.1,2013,28521,286801.4,"600,869",26564
TENNESSEE,6549352,608.4,5.7,67,110.9,453.2,3060.6,712.2,2156,192.4,2014,28769,291687.6,"533,394",26709
TEXAS,26448193,408.3,4.3,65.3,120.2,246.9,3258.2,721.8,2287.8,248.6,2013,168280,1472103.5,"1,633,278",78457
UTAH,2900872,224,1.7,83.3,42.8,130.4,2950.4,459.6,2233.4,257.3,2013,7075,131901.8,"324,604",4776
UTAH,2942902,215.6,2.3,81.5,44.6,119.4,2878.5,391.4,2239.1,248,2014,7031,136081.5,"263,812",7018
VERMONT,626562,99.3,1.6,33.4,11.2,68.9,1524.4,324.6,1160.8,38.9,2014,1979,28521.8,"31,502",1489
VERMONT,626630,121.1,1.6,35.2,11.6,87.1,2214.2,528.7,1632.2,53.3,2013,2078,28498.6,"36,135",1575
VIRGINIA,8260405,196.2,3.8,46.5,55.3,109.7,2065.9,322.5,1640.1,103.3,2013,36982,446559.7,"498,426",23766
VIRGINIA,8326289,196.2,4.1,44.9,51.5,112.9,1930.3,277.7,1560.5,92.1,2014,37544,445869.2,"419,764",23868
WASHINGTON,6971406,289.1,2.3,62.7,83.5,166.4,3710.3,837,2465.9,407.4,2013,17984,411140.6,"561,122",14609
WEST VIRGINIA,1850326,302,4,42.7,35.2,235.5,2034.7,484.9,1447.3,102.5,2014,6896,69874.1,"221,847",NA
WEST VIRGINIA,1854304,300.3,3.3,59.8,35.1,226.7,2103.9,521.7,1478.9,103.3,2013,6824,70158.7,"248,952",4496
WISCONSIN,5742713,277.9,2.8,52,84.2,161.6,2188.7,424,1636,128.6,2013,22471,276189.5,"434,688",17989
ARIZONA,6731484,399.9,4.7,86.8,92.8,252.1,3197.5,647.1,2289.1,261.3,2014,42259,273677.1,"310,672",22817
CALIFORNIA,38802500,396.1,4.4,51.3,125.5,236.6,2441.1,522.3,1527.4,391.3,2014,136085,2312540.1,"1,474,616",118491
CONNECTICUT,3596677,236.9,2.4,37.6,87.8,125,1920.4,332.4,1418.1,169.9,2014,16636,237784.3,"270,297",10461
DISTRICT OF COLUMBIA,658893,1244.4,15.9,125,530.7,626.1,5182.5,526,4082.3,574.1,2014,NA,114910.5,512,5050
GEORGIA,10097343,377.3,5.7,51.6,123,218.4,3281.2,756.9,2258.4,266,2014,52949,465646,"484,580",26853
HAWAII,1419561,259.2,1.8,53.4,78,148.1,3050,547.9,2228.9,273.3,2014,5866,74529.3,"15,225",3776
ILLINOIS,12880580,370,5.3,56.2,118.8,213.7,2075.9,388.2,1552.2,135.5,2014,48278,735035.6,"1,344,096",34425
KANSAS,2904021,348.6,3.1,85.6,46.9,250,2735.2,545,1952.4,237.8,2014,9877,143425.4,"172,167",10249
KENTUCKY,4413457,211.6,3.6,52.6,75.6,99.8,2246.9,526.7,1577.1,143.2,2014,21657,179989.2,"2,492,184",9315
LOUISIANA,4649676,514.7,10.3,50.9,122.5,352.4,3458.8,824.5,2421.6,212.7,2014,38030,233675.8,"315,357",13567
MAINE,1330089,127.8,1.6,63.6,22.9,66.9,1986.4,378.2,1548.2,60.1,2014,2242,53418,"83,085",2815
NEVADA,2839099,635.6,6,82.8,209.7,372.1,2625.4,772.3,1494.3,358.7,2014,12537,129999.9,"116,735",8973
NEW YORK,19746227,381.8,3.1,47.3,121.8,229.4,1718.2,257.2,1381.4,79.7,2014,52518,1349268.1,"365,427",78535
OKLAHOMA,3878051,406,4.5,78.7,78.6,277,2990.7,760.9,1956.9,272.9,2014,27650,187739.1,"348,495",10155
PENNSYLVANIA,12787209,314.1,4.8,51.7,105.8,173.5,1931.7,357.5,1472.2,102,2014,50694,666494.4,"899,241",29408
RHODE ISLAND,1055173,219.2,2.4,58.2,50.1,132.5,2173.6,457.1,1542.8,173.7,2014,3359,52134.2,"20,400",3126
TEXAS,26956958,405.9,4.4,72.9,115.7,243.6,3019.4,627.8,2137.3,254.3,2014,166043,1523057.2,"1,465,992",60056
WASHINGTON,7061530,285.2,2.5,68.9,79.9,164.7,3706.1,783,2489.1,434,2014,18120,425762.5,"482,115",14566
WISCONSIN,5757564,290.3,2.9,49.4,88,170.4,2088.3,368.5,1547.6,172.3,2014,22597,282078.9,"334,308",18244
WYOMING,584153,195.5,2.7,51.4,9.1,153.9,1964.7,289.1,1572.4,103.2,2014,2383,38717.6,"63,063",1956
DISTRICT OF COLUMBIA,672228,1269.1,24.1,127.9,556.7,614.8,4676.2,442,3748.7,485.5,2015,NA,117238.4,742,5010
GEORGIA,10214860,378.3,6,54.1,119.9,220.8,3022.3,649.8,2113.3,259.2,2015,52193,481575.7,"566,946",26435
INDIANA,6619680,387.5,5.6,63.3,107.4,238.2,2596,519.8,1872,204.2,2015,27355,311600.7,"1,076,917",10717
MAINE,1329328,130.1,1.7,62.3,23.4,69.3,1830,352.4,1416.4,61.2,2015,2279,53780.5,"94,744",2837
MINNESOTA,5074064,110.6016794,2.187595584,2.089055243,25.34457587,80.98045275,576.3624582,66.77093549,476.6987567,29.14823305,2008,NA,285792.2,"277,175",13697
MINNESOTA,5094567,106.3682154,2.021761614,2.178791642,23.82930679,78.33835535,599.4425041,58.90588935,515.274409,21.65051515,2009,9986,275453.1,"285,130",13709
MINNESOTA,5237709,103.1748805,1.96650864,10.78715904,22.05162601,68.36958678,479.522631,40.26569632,413.3868453,24.13268855,2016,10592,319129.9,"651,599",1143
MINNESOTA,5489594,242.6,2.4,73,68.7,129.2,2222.1,351.6,1725.2,145.4,2015,10798,313086.2,"519,244",13917
MINNESOTA,5576606,238.3,2,42.8,64.9,128.6,2191.5,336.9,1675.7,178.9,2017,10708,325322.7,"683,544",14848
MINNESOTA,5611179,220.4,1.9,43.9,52.5,122.2,1993.8,288.4,1524.8,180.5,2018,10101,333919.5,"604,078",15264
MISSISSIPPI,2992333,275.8,8.7,69,76.7,150.3,2833.6,828.8,1863,141.8,2015,18911,100242.5,"252,372",4016
NEBRASKA,1896190,274.9,3.3,80.4,52.4,173.1,2241.1,338.7,1691.4,211,2015,5372,110325.7,"79,340",5241
NEW MEXICO,2085109,656.1,5.6,138.5,119.2,451.2,3697.4,819.4,2469.1,408.9,2015,7169,91200.8,"147,912",1419
NEW YORK,19795791,379.7,3.1,52.9,120.9,225,1604,223.7,1303,77.4,2015,51727,1372162.8,"346,048",81036
NORTH CAROLINA,10042802,347,5.1,46,87.9,227.3,2750.1,745.2,1871.1,133.8,2015,36617,469478.8,"531,876",34225
NORTH CAROLINA,10383620,377.6,6,25.4,81.1,265.1,2494.1,599.9,1724.4,169.8,2018,34899,497331.3,"529,916",34100
OHIO,11613423,291.9,4.3,80.1,108.1,135.1,2587.7,596.7,1842.6,148.4,2015,52233,580414.1,"748,502",17974
OREGON,4028977,259.8,2.5,68.4,53.3,164.6,2946.6,455.1,2229.7,261.8,2015,15245,191999,"276,126",10571
PUERTO RICO,3474182,219.6,16.8,8.2,117.1,80.9,1085.6,263.4,705,117.3,2015,NA,NA,"15,892",NA
RHODE ISLAND,1056298,242.5,2.7,75.5,52.6,143.7,1897.5,373.7,1392.3,131.5,2015,3248,53096.5,"22,129",3065
UTAH,2995919,236,1.8,91.5,44.3,135.1,2980,416.2,2273.2,290.6,2015,6492,141703.3,"254,814",7157
WASHINGTON,7170351,284.4,2.9,68.3,76,167.8,3463.8,711.2,2378,374.7,2015,18284,444318.5,"502,280",14600
WISCONSIN,5771337,305.8,4.2,52,90.7,180.1,1974,338.8,1444.8,190.3,2015,22975,287164.3,"383,280",18474
DISTRICT OF COLUMBIA,693972,1004.9,16.7,64,378,546.3,4283.9,260.7,3650.4,372.8,2017,NA,121011.2,"1,540",4925
DISTRICT OF COLUMBIA,702455,995.9,22.8,64.1,343.8,565.3,4373.8,254.5,3750.1,369.1,2018,NA,123981.6,"3,244",5145
NORTH CAROLINA,10273419,363.7,5.8,26.4,91,240.5,2545.3,630.6,1760.9,153.8,2017,36394,485498.6,"537,813",34950
ALABAMA  ,3682108,156.4049724,7.93023996,8.826465709,45.00139594,94.64687076,654.6250137,109.4753332,518.181433,23.57345303,2009,NA,NA,NA,NA
ALABAMA  ,3772968,173.3648417,8.348864872,9.435542522,54.2543695,101.3260648,649.2501394,108.9328083,508.6711576,28.28012323,2008,NA,NA,NA,NA
CALIFORNIA ,36555329,342.5902691,5.060821638,5.711889503,61.2523553,270.5652027,466.5421012,154.3112907,261.102834,47.06017008,2008,NA,NA,NA,NA
CALIFORNIA ,36772788,330.0511237,4.924837355,5.558458064,58.67654092,260.8912873,448.0051934,150.2986393,254.9765876,39.27360634,2009,NA,NA,NA,NA
DISTRICT OF COLUMBIA,0,Inf,Inf,Inf,Inf,Inf,Inf,NA,Inf,Inf,2016,NA,119567.3,875,500
DISTRICT OF COLUMBIA,NA,NA,NA,NA,NA,NA,NA,NA,NA,NA,2008,NA,106746.8,259,NA
DISTRICT OF COLUMBIA,NA,NA,NA,NA,NA,NA,NA,NA,NA,NA,2009,NA,106351.3,369,NA
FLORIDA,18294452,288.2841202,4.821133751,9.675064331,64.88305854,208.9048636,819.60367,172.0084318,595.9238353,49.59427044,2008,NA,803217.9,"503,672",73872
FLORIDA,18514171,269.3018229,4.207587799,8.868882112,59.21950273,197.0058503,783.2432789,160.3150365,583.7744504,37.04729745,2009,103915,758264.1,"556,540",72235
FLORIDA,20566240,174.1057189,3.121620675,8.494503614,31.70730284,130.7822918,499.0654587,87.7019815,370.213515,39.92465322,2016,99974,866731,"1,435,340",4158